Id,Category
0.jpg,Boot
1.jpg,Boot
2.jpg,Boot
3.jpg,Shoe
4.jpg,Boot
5.jpg,Shoe
6.jpg,Sandal
7.jpg,Sandal
8.jpg,Shoe
9.jpg,Shoe
10.jpg,Shoe
11.jpg,Boot
12.jpg,Shoe
13.jpg,Sandal
14.jpg,Sandal
15.jpg,Shoe
16.jpg,Sandal
17.jpg,Boot
18.jpg,Boot
19.jpg,Sandal
20.jpg,Sandal
21.jpg,Shoe
22.jpg,Shoe
23.jpg,Sandal
24.jpg,Shoe
25.jpg,Boot
26.jpg,Sandal
27.jpg,Shoe
28.jpg,Shoe
29.jpg,Shoe
30.jpg,Boot
31.jpg,Shoe
32.jpg,Shoe
33.jpg,Shoe
34.jpg,Boot
35.jpg,Shoe
36.jpg,Sandal
37.jpg,Shoe
38.jpg,Sandal
39.jpg,Boot
40.jpg,Boot
41.jpg,Sandal
42.jpg,Shoe
43.jpg,Shoe
44.jpg,Shoe
45.jpg,Boot
46.jpg,Shoe
47.jpg,Shoe
48.jpg,Boot
49.jpg,Boot
50.jpg,Shoe
51.jpg,Shoe
52.jpg,Sandal
53.jpg,Sandal
54.jpg,Shoe
55.jpg,Shoe
56.jpg,Sandal
57.jpg,Sandal
58.jpg,Sandal
59.jpg,Sandal
60.jpg,Sandal
61.jpg,Boot
62.jpg,Shoe
63.jpg,Shoe
64.jpg,Sandal
65.jpg,Sandal
66.jpg,Boot
67.jpg,Sandal
68.jpg,Sandal
69.jpg,Boot
70.jpg,Sandal
71.jpg,Sandal
72.jpg,Boot
73.jpg,Shoe
74.jpg,Shoe
75.jpg,Shoe
76.jpg,Shoe
77.jpg,Sandal
78.jpg,Sandal
79.jpg,Shoe
80.jpg,Shoe
81.jpg,Boot
82.jpg,Sandal
83.jpg,Shoe
84.jpg,Sandal
85.jpg,Boot
86.jpg,Boot
87.jpg,Boot
88.jpg,Sandal
89.jpg,Shoe
90.jpg,Sandal
91.jpg,Boot
92.jpg,Sandal
93.jpg,Boot
94.jpg,Shoe
95.jpg,Sandal
96.jpg,Sandal
97.jpg,Sandal
98.jpg,Sandal
99.jpg,Sandal
100.jpg,Sandal
101.jpg,Sandal
102.jpg,Boot
103.jpg,Shoe
104.jpg,Shoe
105.jpg,Shoe
106.jpg,Shoe
107.jpg,Boot
108.jpg,Sandal
109.jpg,Sandal
110.jpg,Boot
111.jpg,Boot
112.jpg,Boot
113.jpg,Sandal
114.jpg,Boot
115.jpg,Sandal
116.jpg,Shoe
117.jpg,Boot
118.jpg,Sandal
119.jpg,Boot
120.jpg,Sandal
121.jpg,Sandal
122.jpg,Shoe
123.jpg,Sandal
124.jpg,Sandal
125.jpg,Boot
126.jpg,Shoe
127.jpg,Sandal
128.jpg,Shoe
129.jpg,Boot
130.jpg,Boot
131.jpg,Sandal
132.jpg,Boot
133.jpg,Sandal
134.jpg,Shoe
135.jpg,Boot
136.jpg,Sandal
137.jpg,Sandal
138.jpg,Boot
139.jpg,Shoe
140.jpg,Sandal
141.jpg,Shoe
142.jpg,Boot
143.jpg,Sandal
144.jpg,Shoe
145.jpg,Sandal
146.jpg,Boot
147.jpg,Shoe
148.jpg,Boot
149.jpg,Sandal
150.jpg,Sandal
151.jpg,Boot
152.jpg,Shoe
153.jpg,Sandal
154.jpg,Sandal
155.jpg,Boot
156.jpg,Boot
157.jpg,Shoe
158.jpg,Sandal
159.jpg,Shoe
160.jpg,Sandal
161.jpg,Boot
162.jpg,Sandal
163.jpg,Shoe
164.jpg,Shoe
165.jpg,Sandal
166.jpg,Boot
167.jpg,Boot
168.jpg,Shoe
169.jpg,Shoe
170.jpg,Boot
171.jpg,Boot
172.jpg,Sandal
173.jpg,Shoe
174.jpg,Boot
175.jpg,Sandal
176.jpg,Shoe
177.jpg,Shoe
178.jpg,Boot
179.jpg,Shoe
180.jpg,Boot
181.jpg,Shoe
182.jpg,Boot
183.jpg,Boot
184.jpg,Shoe
185.jpg,Boot
186.jpg,Shoe
187.jpg,Boot
188.jpg,Sandal
189.jpg,Boot
190.jpg,Shoe
191.jpg,Shoe
192.jpg,Sandal
193.jpg,Sandal
194.jpg,Boot
195.jpg,Boot
196.jpg,Sandal
197.jpg,Sandal
198.jpg,Sandal
199.jpg,Shoe
200.jpg,Boot
201.jpg,Boot
202.jpg,Shoe
203.jpg,Sandal
204.jpg,Sandal
205.jpg,Sandal
206.jpg,Sandal
207.jpg,Shoe
208.jpg,Boot
209.jpg,Boot
210.jpg,Sandal
211.jpg,Sandal
212.jpg,Shoe
213.jpg,Boot
214.jpg,Boot
215.jpg,Boot
216.jpg,Shoe
217.jpg,Sandal
218.jpg,Shoe
219.jpg,Sandal
220.jpg,Shoe
221.jpg,Sandal
222.jpg,Shoe
223.jpg,Sandal
224.jpg,Shoe
225.jpg,Shoe
226.jpg,Shoe
227.jpg,Boot
228.jpg,Boot
229.jpg,Boot
230.jpg,Sandal
231.jpg,Shoe
232.jpg,Boot
233.jpg,Shoe
234.jpg,Boot
235.jpg,Sandal
236.jpg,Sandal
237.jpg,Shoe
238.jpg,Shoe
239.jpg,Shoe
240.jpg,Sandal
241.jpg,Sandal
242.jpg,Shoe
243.jpg,Shoe
244.jpg,Boot
245.jpg,Boot
246.jpg,Sandal
247.jpg,Shoe
248.jpg,Boot
249.jpg,Sandal
250.jpg,Boot
251.jpg,Sandal
252.jpg,Sandal
253.jpg,Shoe
254.jpg,Boot
255.jpg,Shoe
256.jpg,Boot
257.jpg,Sandal
258.jpg,Sandal
259.jpg,Boot
260.jpg,Sandal
261.jpg,Boot
262.jpg,Sandal
263.jpg,Sandal
264.jpg,Boot
265.jpg,Sandal
266.jpg,Boot
267.jpg,Shoe
268.jpg,Sandal
269.jpg,Boot
270.jpg,Sandal
271.jpg,Sandal
272.jpg,Boot
273.jpg,Sandal
274.jpg,Boot
275.jpg,Shoe
276.jpg,Sandal
277.jpg,Boot
278.jpg,Boot
279.jpg,Boot
280.jpg,Shoe
281.jpg,Boot
282.jpg,Sandal
283.jpg,Sandal
284.jpg,Sandal
285.jpg,Shoe
286.jpg,Sandal
287.jpg,Sandal
288.jpg,Shoe
289.jpg,Sandal
290.jpg,Boot
291.jpg,Sandal
292.jpg,Sandal
293.jpg,Boot
294.jpg,Sandal
295.jpg,Sandal
296.jpg,Boot
297.jpg,Boot
298.jpg,Boot
299.jpg,Sandal
300.jpg,Boot
301.jpg,Boot
302.jpg,Sandal
303.jpg,Sandal
304.jpg,Shoe
305.jpg,Shoe
306.jpg,Shoe
307.jpg,Boot
308.jpg,Sandal
309.jpg,Shoe
310.jpg,Shoe
311.jpg,Boot
312.jpg,Boot
313.jpg,Shoe
314.jpg,Shoe
315.jpg,Shoe
316.jpg,Shoe
317.jpg,Boot
318.jpg,Boot
319.jpg,Sandal
320.jpg,Sandal
321.jpg,Sandal
322.jpg,Boot
323.jpg,Shoe
324.jpg,Shoe
325.jpg,Shoe
326.jpg,Sandal
327.jpg,Sandal
328.jpg,Shoe
329.jpg,Boot
330.jpg,Shoe
331.jpg,Sandal
332.jpg,Sandal
333.jpg,Shoe
334.jpg,Sandal
335.jpg,Boot
336.jpg,Sandal
337.jpg,Shoe
338.jpg,Boot
339.jpg,Boot
340.jpg,Boot
341.jpg,Shoe
342.jpg,Sandal
343.jpg,Shoe
344.jpg,Boot
345.jpg,Boot
346.jpg,Shoe
347.jpg,Boot
348.jpg,Shoe
349.jpg,Boot
350.jpg,Shoe
351.jpg,Shoe
352.jpg,Boot
353.jpg,Sandal
354.jpg,Sandal
355.jpg,Sandal
356.jpg,Boot
357.jpg,Shoe
358.jpg,Shoe
359.jpg,Boot
360.jpg,Shoe
361.jpg,Sandal
362.jpg,Boot
363.jpg,Sandal
364.jpg,Shoe
365.jpg,Shoe
366.jpg,Shoe
367.jpg,Shoe
368.jpg,Boot
369.jpg,Boot
370.jpg,Sandal
371.jpg,Boot
372.jpg,Sandal
373.jpg,Sandal
374.jpg,Shoe
375.jpg,Boot
376.jpg,Boot
377.jpg,Sandal
378.jpg,Shoe
379.jpg,Boot
380.jpg,Boot
381.jpg,Boot
382.jpg,Shoe
383.jpg,Sandal
384.jpg,Sandal
385.jpg,Boot
386.jpg,Boot
387.jpg,Sandal
388.jpg,Shoe
389.jpg,Sandal
390.jpg,Shoe
391.jpg,Shoe
392.jpg,Sandal
393.jpg,Shoe
394.jpg,Shoe
395.jpg,Shoe
396.jpg,Boot
397.jpg,Boot
398.jpg,Shoe
399.jpg,Boot
400.jpg,Boot
401.jpg,Boot
402.jpg,Shoe
403.jpg,Shoe
404.jpg,Boot
405.jpg,Shoe
406.jpg,Shoe
407.jpg,Boot
408.jpg,Shoe
409.jpg,Sandal
410.jpg,Boot
411.jpg,Boot
412.jpg,Sandal
413.jpg,Boot
414.jpg,Boot
415.jpg,Sandal
416.jpg,Shoe
417.jpg,Sandal
418.jpg,Sandal
419.jpg,Boot
420.jpg,Sandal
421.jpg,Shoe
422.jpg,Boot
423.jpg,Shoe
424.jpg,Boot
425.jpg,Boot
426.jpg,Shoe
427.jpg,Shoe
428.jpg,Shoe
429.jpg,Sandal
430.jpg,Shoe
431.jpg,Shoe
432.jpg,Shoe
433.jpg,Sandal
434.jpg,Shoe
435.jpg,Sandal
436.jpg,Boot
437.jpg,Shoe
438.jpg,Shoe
439.jpg,Boot
440.jpg,Shoe
441.jpg,Sandal
442.jpg,Sandal
443.jpg,Boot
444.jpg,Boot
445.jpg,Shoe
446.jpg,Sandal
447.jpg,Sandal
448.jpg,Sandal
449.jpg,Sandal
450.jpg,Sandal
451.jpg,Boot
452.jpg,Boot
453.jpg,Sandal
454.jpg,Shoe
455.jpg,Boot
456.jpg,Sandal
457.jpg,Shoe
458.jpg,Boot
459.jpg,Boot
460.jpg,Sandal
461.jpg,Boot
462.jpg,Shoe
463.jpg,Shoe
464.jpg,Shoe
465.jpg,Shoe
466.jpg,Boot
467.jpg,Boot
468.jpg,Boot
469.jpg,Boot
470.jpg,Sandal
471.jpg,Sandal
472.jpg,Sandal
473.jpg,Sandal
474.jpg,Sandal
475.jpg,Sandal
476.jpg,Shoe
477.jpg,Shoe
478.jpg,Boot
479.jpg,Boot
480.jpg,Shoe
481.jpg,Boot
482.jpg,Boot
483.jpg,Shoe
484.jpg,Shoe
485.jpg,Boot
486.jpg,Shoe
487.jpg,Sandal
488.jpg,Sandal
489.jpg,Shoe
490.jpg,Shoe
491.jpg,Shoe
492.jpg,Boot
493.jpg,Sandal
494.jpg,Sandal
495.jpg,Boot
496.jpg,Sandal
497.jpg,Sandal
498.jpg,Shoe
499.jpg,Boot
500.jpg,Shoe
501.jpg,Shoe
502.jpg,Boot
503.jpg,Shoe
504.jpg,Sandal
505.jpg,Boot
506.jpg,Boot
507.jpg,Shoe
508.jpg,Sandal
509.jpg,Shoe
510.jpg,Boot
511.jpg,Boot
512.jpg,Sandal
513.jpg,Sandal
514.jpg,Boot
515.jpg,Sandal
516.jpg,Sandal
517.jpg,Shoe
518.jpg,Boot
519.jpg,Boot
520.jpg,Sandal
521.jpg,Sandal
522.jpg,Boot
523.jpg,Boot
524.jpg,Shoe
525.jpg,Sandal
526.jpg,Shoe
527.jpg,Sandal
528.jpg,Sandal
529.jpg,Sandal
530.jpg,Shoe
531.jpg,Sandal
532.jpg,Sandal
533.jpg,Boot
534.jpg,Sandal
535.jpg,Shoe
536.jpg,Shoe
537.jpg,Boot
538.jpg,Sandal
539.jpg,Sandal
540.jpg,Boot
541.jpg,Sandal
542.jpg,Sandal
543.jpg,Sandal
544.jpg,Boot
545.jpg,Boot
546.jpg,Sandal
547.jpg,Shoe
548.jpg,Shoe
549.jpg,Boot
550.jpg,Boot
551.jpg,Sandal
552.jpg,Sandal
553.jpg,Shoe
554.jpg,Boot
555.jpg,Boot
556.jpg,Shoe
557.jpg,Shoe
558.jpg,Shoe
559.jpg,Sandal
560.jpg,Shoe
561.jpg,Shoe
562.jpg,Boot
563.jpg,Boot
564.jpg,Shoe
565.jpg,Boot
566.jpg,Sandal
567.jpg,Sandal
568.jpg,Boot
569.jpg,Shoe
570.jpg,Shoe
571.jpg,Shoe
572.jpg,Shoe
573.jpg,Shoe
574.jpg,Shoe
575.jpg,Shoe
576.jpg,Boot
577.jpg,Boot
578.jpg,Shoe
579.jpg,Boot
580.jpg,Boot
581.jpg,Boot
582.jpg,Sandal
583.jpg,Shoe
584.jpg,Shoe
585.jpg,Shoe
586.jpg,Shoe
587.jpg,Shoe
588.jpg,Boot
589.jpg,Shoe
590.jpg,Shoe
591.jpg,Boot
592.jpg,Sandal
593.jpg,Shoe
594.jpg,Boot
595.jpg,Boot
596.jpg,Sandal
597.jpg,Sandal
598.jpg,Shoe
599.jpg,Sandal
600.jpg,Shoe
601.jpg,Shoe
602.jpg,Boot
603.jpg,Shoe
604.jpg,Sandal
605.jpg,Sandal
606.jpg,Boot
607.jpg,Shoe
608.jpg,Boot
609.jpg,Sandal
610.jpg,Shoe
611.jpg,Boot
612.jpg,Shoe
613.jpg,Boot
614.jpg,Shoe
615.jpg,Shoe
616.jpg,Shoe
617.jpg,Boot
618.jpg,Boot
619.jpg,Boot
620.jpg,Shoe
621.jpg,Boot
622.jpg,Shoe
623.jpg,Sandal
624.jpg,Shoe
625.jpg,Boot
626.jpg,Boot
627.jpg,Boot
628.jpg,Shoe
629.jpg,Boot
630.jpg,Shoe
631.jpg,Sandal
632.jpg,Sandal
633.jpg,Boot
634.jpg,Sandal
635.jpg,Sandal
636.jpg,Sandal
637.jpg,Shoe
638.jpg,Shoe
639.jpg,Shoe
640.jpg,Sandal
641.jpg,Boot
642.jpg,Shoe
643.jpg,Boot
644.jpg,Shoe
645.jpg,Sandal
646.jpg,Sandal
647.jpg,Shoe
648.jpg,Shoe
649.jpg,Sandal
650.jpg,Shoe
651.jpg,Sandal
652.jpg,Sandal
653.jpg,Boot
654.jpg,Sandal
655.jpg,Shoe
656.jpg,Boot
657.jpg,Shoe
658.jpg,Boot
659.jpg,Boot
660.jpg,Shoe
661.jpg,Boot
662.jpg,Sandal
663.jpg,Shoe
664.jpg,Sandal
665.jpg,Shoe
666.jpg,Sandal
667.jpg,Shoe
668.jpg,Shoe
669.jpg,Sandal
670.jpg,Boot
671.jpg,Shoe
672.jpg,Sandal
673.jpg,Shoe
674.jpg,Boot
675.jpg,Boot
676.jpg,Boot
677.jpg,Boot
678.jpg,Sandal
679.jpg,Sandal
680.jpg,Boot
681.jpg,Sandal
682.jpg,Shoe
683.jpg,Sandal
684.jpg,Boot
685.jpg,Sandal
686.jpg,Sandal
687.jpg,Boot
688.jpg,Boot
689.jpg,Boot
690.jpg,Boot
691.jpg,Sandal
692.jpg,Boot
693.jpg,Boot
694.jpg,Boot
695.jpg,Boot
696.jpg,Sandal
697.jpg,Shoe
698.jpg,Sandal
699.jpg,Sandal
700.jpg,Shoe
701.jpg,Boot
702.jpg,Sandal
703.jpg,Shoe
704.jpg,Boot
705.jpg,Boot
706.jpg,Shoe
707.jpg,Sandal
708.jpg,Boot
709.jpg,Sandal
710.jpg,Sandal
711.jpg,Shoe
712.jpg,Sandal
713.jpg,Sandal
714.jpg,Shoe
715.jpg,Boot
716.jpg,Shoe
717.jpg,Boot
718.jpg,Shoe
719.jpg,Shoe
720.jpg,Sandal
721.jpg,Boot
722.jpg,Sandal
723.jpg,Shoe
724.jpg,Shoe
725.jpg,Shoe
726.jpg,Boot
727.jpg,Sandal
728.jpg,Sandal
729.jpg,Shoe
730.jpg,Shoe
731.jpg,Sandal
732.jpg,Sandal
733.jpg,Shoe
734.jpg,Shoe
735.jpg,Boot
736.jpg,Boot
737.jpg,Sandal
738.jpg,Shoe
739.jpg,Shoe
740.jpg,Shoe
741.jpg,Sandal
742.jpg,Sandal
743.jpg,Boot
744.jpg,Boot
745.jpg,Shoe
746.jpg,Sandal
747.jpg,Boot
748.jpg,Shoe
749.jpg,Sandal
750.jpg,Boot
751.jpg,Boot
752.jpg,Boot
753.jpg,Sandal
754.jpg,Sandal
755.jpg,Shoe
756.jpg,Sandal
757.jpg,Shoe
758.jpg,Boot
759.jpg,Shoe
760.jpg,Sandal
761.jpg,Boot
762.jpg,Boot
763.jpg,Boot
764.jpg,Shoe
765.jpg,Boot
766.jpg,Boot
767.jpg,Shoe
768.jpg,Boot
769.jpg,Shoe
770.jpg,Sandal
771.jpg,Sandal
772.jpg,Shoe
773.jpg,Sandal
774.jpg,Sandal
775.jpg,Shoe
776.jpg,Shoe
777.jpg,Boot
778.jpg,Sandal
779.jpg,Shoe
780.jpg,Shoe
781.jpg,Boot
782.jpg,Sandal
783.jpg,Shoe
784.jpg,Sandal
785.jpg,Sandal
786.jpg,Sandal
787.jpg,Shoe
788.jpg,Boot
789.jpg,Boot
790.jpg,Shoe
791.jpg,Shoe
792.jpg,Shoe
793.jpg,Sandal
794.jpg,Sandal
795.jpg,Shoe
796.jpg,Shoe
797.jpg,Sandal
798.jpg,Shoe
799.jpg,Shoe
800.jpg,Sandal
801.jpg,Shoe
802.jpg,Shoe
803.jpg,Shoe
804.jpg,Sandal
805.jpg,Sandal
806.jpg,Boot
807.jpg,Sandal
808.jpg,Shoe
809.jpg,Shoe
810.jpg,Shoe
811.jpg,Boot
812.jpg,Shoe
813.jpg,Shoe
814.jpg,Shoe
815.jpg,Sandal
816.jpg,Sandal
817.jpg,Shoe
818.jpg,Shoe
819.jpg,Boot
820.jpg,Sandal
821.jpg,Boot
822.jpg,Shoe
823.jpg,Shoe
824.jpg,Sandal
825.jpg,Boot
826.jpg,Boot
827.jpg,Sandal
828.jpg,Boot
829.jpg,Boot
830.jpg,Sandal
831.jpg,Shoe
832.jpg,Shoe
833.jpg,Sandal
834.jpg,Boot
835.jpg,Sandal
836.jpg,Sandal
837.jpg,Sandal
838.jpg,Sandal
839.jpg,Shoe
840.jpg,Shoe
841.jpg,Boot
842.jpg,Boot
843.jpg,Boot
844.jpg,Boot
845.jpg,Sandal
846.jpg,Boot
847.jpg,Shoe
848.jpg,Shoe
849.jpg,Shoe
850.jpg,Boot
851.jpg,Sandal
852.jpg,Boot
853.jpg,Boot
854.jpg,Boot
855.jpg,Boot
856.jpg,Boot
857.jpg,Boot
858.jpg,Boot
859.jpg,Sandal
860.jpg,Boot
861.jpg,Sandal
862.jpg,Sandal
863.jpg,Shoe
864.jpg,Shoe
865.jpg,Boot
866.jpg,Shoe
867.jpg,Sandal
868.jpg,Boot
869.jpg,Sandal
870.jpg,Shoe
871.jpg,Boot
872.jpg,Boot
873.jpg,Shoe
874.jpg,Sandal
875.jpg,Shoe
876.jpg,Boot
877.jpg,Sandal
878.jpg,Sandal
879.jpg,Shoe
880.jpg,Boot
881.jpg,Boot
882.jpg,Shoe
883.jpg,Shoe
884.jpg,Shoe
885.jpg,Boot
886.jpg,Boot
887.jpg,Boot
888.jpg,Sandal
889.jpg,Shoe
890.jpg,Shoe
891.jpg,Boot
892.jpg,Sandal
893.jpg,Sandal
894.jpg,Sandal
895.jpg,Sandal
896.jpg,Boot
897.jpg,Sandal
898.jpg,Sandal
899.jpg,Boot
900.jpg,Boot
901.jpg,Shoe
902.jpg,Shoe
903.jpg,Boot
904.jpg,Sandal
905.jpg,Boot
906.jpg,Shoe
907.jpg,Shoe
908.jpg,Shoe
909.jpg,Sandal
910.jpg,Shoe
911.jpg,Sandal
912.jpg,Sandal
913.jpg,Boot
914.jpg,Boot
915.jpg,Boot
916.jpg,Boot
917.jpg,Boot
918.jpg,Boot
919.jpg,Sandal
920.jpg,Sandal
921.jpg,Shoe
922.jpg,Sandal
923.jpg,Sandal
924.jpg,Shoe
925.jpg,Shoe
926.jpg,Shoe
927.jpg,Shoe
928.jpg,Boot
929.jpg,Sandal
930.jpg,Shoe
931.jpg,Boot
932.jpg,Sandal
933.jpg,Boot
934.jpg,Sandal
935.jpg,Shoe
936.jpg,Boot
937.jpg,Sandal
938.jpg,Shoe
939.jpg,Boot
940.jpg,Boot
941.jpg,Sandal
942.jpg,Boot
943.jpg,Sandal
944.jpg,Sandal
945.jpg,Boot
946.jpg,Boot
947.jpg,Boot
948.jpg,Shoe
949.jpg,Sandal
950.jpg,Shoe
951.jpg,Boot
952.jpg,Shoe
953.jpg,Boot
954.jpg,Shoe
955.jpg,Sandal
956.jpg,Sandal
957.jpg,Boot
958.jpg,Shoe
959.jpg,Boot
960.jpg,Boot
961.jpg,Shoe
962.jpg,Sandal
963.jpg,Shoe
964.jpg,Sandal
965.jpg,Shoe
966.jpg,Boot
967.jpg,Sandal
968.jpg,Shoe
969.jpg,Shoe
970.jpg,Boot
971.jpg,Boot
972.jpg,Sandal
973.jpg,Shoe
974.jpg,Shoe
975.jpg,Shoe
976.jpg,Boot
977.jpg,Boot
978.jpg,Sandal
979.jpg,Sandal
980.jpg,Boot
981.jpg,Shoe
982.jpg,Shoe
983.jpg,Sandal
984.jpg,Sandal
985.jpg,Shoe
986.jpg,Shoe
987.jpg,Boot
988.jpg,Boot
989.jpg,Sandal
990.jpg,Sandal
991.jpg,Boot
992.jpg,Shoe
993.jpg,Sandal
994.jpg,Shoe
995.jpg,Sandal
996.jpg,Sandal
997.jpg,Shoe
998.jpg,Shoe
999.jpg,Boot
1000.jpg,Boot
1001.jpg,Boot
1002.jpg,Shoe
1003.jpg,Shoe
1004.jpg,Shoe
1005.jpg,Boot
1006.jpg,Sandal
1007.jpg,Shoe
1008.jpg,Sandal
1009.jpg,Shoe
1010.jpg,Boot
1011.jpg,Shoe
1012.jpg,Shoe
1013.jpg,Sandal
1014.jpg,Boot
1015.jpg,Shoe
1016.jpg,Shoe
1017.jpg,Sandal
1018.jpg,Sandal
1019.jpg,Shoe
1020.jpg,Sandal
1021.jpg,Shoe
1022.jpg,Shoe
1023.jpg,Boot
1024.jpg,Sandal
1025.jpg,Sandal
1026.jpg,Sandal
1027.jpg,Shoe
1028.jpg,Boot
1029.jpg,Shoe
1030.jpg,Shoe
1031.jpg,Shoe
1032.jpg,Sandal
1033.jpg,Sandal
1034.jpg,Shoe
1035.jpg,Boot
1036.jpg,Boot
1037.jpg,Shoe
1038.jpg,Boot
1039.jpg,Shoe
1040.jpg,Sandal
1041.jpg,Sandal
1042.jpg,Shoe
1043.jpg,Boot
1044.jpg,Sandal
1045.jpg,Shoe
1046.jpg,Shoe
1047.jpg,Sandal
1048.jpg,Shoe
1049.jpg,Sandal
1050.jpg,Boot
1051.jpg,Sandal
1052.jpg,Sandal
1053.jpg,Boot
1054.jpg,Shoe
1055.jpg,Boot
1056.jpg,Sandal
1057.jpg,Sandal
1058.jpg,Sandal
1059.jpg,Sandal
1060.jpg,Shoe
1061.jpg,Boot
1062.jpg,Boot
1063.jpg,Boot
1064.jpg,Boot
1065.jpg,Shoe
1066.jpg,Boot
1067.jpg,Shoe
1068.jpg,Shoe
1069.jpg,Shoe
1070.jpg,Sandal
1071.jpg,Shoe
1072.jpg,Sandal
1073.jpg,Shoe
1074.jpg,Boot
1075.jpg,Sandal
1076.jpg,Shoe
1077.jpg,Sandal
1078.jpg,Sandal
1079.jpg,Boot
1080.jpg,Boot
1081.jpg,Sandal
1082.jpg,Shoe
1083.jpg,Shoe
1084.jpg,Shoe
1085.jpg,Shoe
1086.jpg,Shoe
1087.jpg,Boot
1088.jpg,Sandal
1089.jpg,Sandal
1090.jpg,Sandal
1091.jpg,Boot
1092.jpg,Boot
1093.jpg,Shoe
1094.jpg,Sandal
1095.jpg,Boot
1096.jpg,Sandal
1097.jpg,Shoe
1098.jpg,Shoe
1099.jpg,Shoe
1100.jpg,Boot
1101.jpg,Sandal
1102.jpg,Boot
1103.jpg,Boot
1104.jpg,Boot
1105.jpg,Sandal
1106.jpg,Sandal
1107.jpg,Shoe
1108.jpg,Sandal
1109.jpg,Shoe
1110.jpg,Sandal
1111.jpg,Boot
1112.jpg,Boot
1113.jpg,Boot
1114.jpg,Boot
1115.jpg,Sandal
1116.jpg,Boot
1117.jpg,Sandal
1118.jpg,Shoe
1119.jpg,Shoe
1120.jpg,Sandal
1121.jpg,Boot
1122.jpg,Boot
1123.jpg,Shoe
1124.jpg,Shoe
1125.jpg,Boot
1126.jpg,Sandal
1127.jpg,Sandal
1128.jpg,Boot
1129.jpg,Boot
1130.jpg,Shoe
1131.jpg,Sandal
1132.jpg,Sandal
1133.jpg,Shoe
1134.jpg,Sandal
1135.jpg,Boot
1136.jpg,Shoe
1137.jpg,Shoe
1138.jpg,Sandal
1139.jpg,Shoe
1140.jpg,Shoe
1141.jpg,Sandal
1142.jpg,Shoe
1143.jpg,Shoe
1144.jpg,Boot
1145.jpg,Sandal
1146.jpg,Sandal
1147.jpg,Sandal
1148.jpg,Sandal
1149.jpg,Sandal
1150.jpg,Sandal
1151.jpg,Shoe
1152.jpg,Sandal
1153.jpg,Shoe
1154.jpg,Shoe
1155.jpg,Sandal
1156.jpg,Sandal
1157.jpg,Boot
1158.jpg,Sandal
1159.jpg,Sandal
1160.jpg,Sandal
1161.jpg,Boot
1162.jpg,Boot
1163.jpg,Boot
1164.jpg,Shoe
1165.jpg,Shoe
1166.jpg,Boot
1167.jpg,Boot
1168.jpg,Boot
1169.jpg,Shoe
1170.jpg,Boot
1171.jpg,Sandal
1172.jpg,Shoe
1173.jpg,Sandal
1174.jpg,Shoe
1175.jpg,Shoe
1176.jpg,Boot
1177.jpg,Boot
1178.jpg,Shoe
1179.jpg,Shoe
1180.jpg,Sandal
1181.jpg,Sandal
1182.jpg,Sandal
1183.jpg,Shoe
1184.jpg,Boot
1185.jpg,Shoe
1186.jpg,Shoe
1187.jpg,Sandal
1188.jpg,Sandal
1189.jpg,Shoe
1190.jpg,Boot
1191.jpg,Shoe
1192.jpg,Boot
1193.jpg,Boot
1194.jpg,Boot
1195.jpg,Boot
1196.jpg,Sandal
1197.jpg,Sandal
1198.jpg,Shoe
1199.jpg,Boot
1200.jpg,Sandal
1201.jpg,Sandal
1202.jpg,Sandal
1203.jpg,Boot
1204.jpg,Boot
1205.jpg,Shoe
1206.jpg,Shoe
1207.jpg,Shoe
1208.jpg,Boot
1209.jpg,Shoe
1210.jpg,Shoe
1211.jpg,Sandal
1212.jpg,Boot
1213.jpg,Sandal
1214.jpg,Boot
1215.jpg,Boot
1216.jpg,Sandal
1217.jpg,Shoe
1218.jpg,Sandal
1219.jpg,Sandal
1220.jpg,Shoe
1221.jpg,Shoe
1222.jpg,Boot
1223.jpg,Shoe
1224.jpg,Shoe
1225.jpg,Sandal
1226.jpg,Sandal
1227.jpg,Shoe
1228.jpg,Boot
1229.jpg,Sandal
1230.jpg,Boot
1231.jpg,Shoe
1232.jpg,Sandal
1233.jpg,Boot
1234.jpg,Sandal
1235.jpg,Boot
1236.jpg,Shoe
1237.jpg,Shoe
1238.jpg,Boot
1239.jpg,Shoe
1240.jpg,Boot
1241.jpg,Shoe
1242.jpg,Shoe
1243.jpg,Sandal
1244.jpg,Sandal
1245.jpg,Boot
1246.jpg,Boot
1247.jpg,Shoe
1248.jpg,Sandal
1249.jpg,Boot
1250.jpg,Sandal
1251.jpg,Boot
1252.jpg,Boot
1253.jpg,Sandal
1254.jpg,Boot
1255.jpg,Boot
1256.jpg,Sandal
1257.jpg,Shoe
1258.jpg,Sandal
1259.jpg,Sandal
1260.jpg,Sandal
1261.jpg,Shoe
1262.jpg,Sandal
1263.jpg,Sandal
1264.jpg,Shoe
1265.jpg,Boot
1266.jpg,Boot
1267.jpg,Sandal
1268.jpg,Boot
1269.jpg,Shoe
1270.jpg,Boot
1271.jpg,Sandal
1272.jpg,Boot
1273.jpg,Boot
1274.jpg,Shoe
1275.jpg,Sandal
1276.jpg,Shoe
1277.jpg,Shoe
1278.jpg,Shoe
1279.jpg,Sandal
1280.jpg,Shoe
1281.jpg,Boot
1282.jpg,Boot
1283.jpg,Sandal
1284.jpg,Boot
1285.jpg,Boot
1286.jpg,Sandal
1287.jpg,Shoe
1288.jpg,Boot
1289.jpg,Shoe
1290.jpg,Boot
1291.jpg,Sandal
1292.jpg,Boot
1293.jpg,Sandal
1294.jpg,Sandal
1295.jpg,Sandal
1296.jpg,Shoe
1297.jpg,Sandal
1298.jpg,Sandal
1299.jpg,Boot
1300.jpg,Sandal
1301.jpg,Boot
1302.jpg,Shoe
1303.jpg,Boot
1304.jpg,Shoe
1305.jpg,Shoe
1306.jpg,Sandal
1307.jpg,Shoe
1308.jpg,Sandal
1309.jpg,Shoe
1310.jpg,Boot
1311.jpg,Shoe
1312.jpg,Sandal
1313.jpg,Boot
1314.jpg,Shoe
1315.jpg,Sandal
1316.jpg,Sandal
1317.jpg,Shoe
1318.jpg,Sandal
1319.jpg,Boot
1320.jpg,Shoe
1321.jpg,Sandal
1322.jpg,Sandal
1323.jpg,Boot
1324.jpg,Sandal
1325.jpg,Boot
1326.jpg,Shoe
1327.jpg,Sandal
1328.jpg,Boot
1329.jpg,Boot
1330.jpg,Sandal
1331.jpg,Sandal
1332.jpg,Shoe
1333.jpg,Shoe
1334.jpg,Boot
1335.jpg,Boot
1336.jpg,Boot
1337.jpg,Sandal
1338.jpg,Sandal
1339.jpg,Sandal
1340.jpg,Boot
1341.jpg,Shoe
1342.jpg,Sandal
1343.jpg,Sandal
1344.jpg,Boot
1345.jpg,Boot
1346.jpg,Boot
1347.jpg,Sandal
1348.jpg,Shoe
1349.jpg,Shoe
1350.jpg,Sandal
1351.jpg,Boot
1352.jpg,Sandal
1353.jpg,Boot
1354.jpg,Shoe
1355.jpg,Shoe
1356.jpg,Boot
1357.jpg,Sandal
1358.jpg,Sandal
1359.jpg,Sandal
1360.jpg,Sandal
1361.jpg,Sandal
1362.jpg,Shoe
1363.jpg,Boot
1364.jpg,Shoe
1365.jpg,Shoe
1366.jpg,Boot
1367.jpg,Sandal
1368.jpg,Shoe
1369.jpg,Sandal
1370.jpg,Boot
1371.jpg,Shoe
1372.jpg,Sandal
1373.jpg,Boot
1374.jpg,Shoe
1375.jpg,Boot
1376.jpg,Shoe
1377.jpg,Sandal
1378.jpg,Boot
1379.jpg,Shoe
1380.jpg,Boot
1381.jpg,Shoe
1382.jpg,Shoe
1383.jpg,Boot
1384.jpg,Sandal
1385.jpg,Boot
1386.jpg,Sandal
1387.jpg,Boot
1388.jpg,Shoe
1389.jpg,Boot
1390.jpg,Shoe
1391.jpg,Boot
1392.jpg,Shoe
1393.jpg,Boot
1394.jpg,Shoe
1395.jpg,Sandal
1396.jpg,Sandal
1397.jpg,Sandal
1398.jpg,Shoe
1399.jpg,Shoe
1400.jpg,Boot
1401.jpg,Boot
1402.jpg,Sandal
1403.jpg,Sandal
1404.jpg,Shoe
1405.jpg,Shoe
1406.jpg,Boot
1407.jpg,Sandal
1408.jpg,Shoe
1409.jpg,Shoe
1410.jpg,Sandal
1411.jpg,Shoe
1412.jpg,Boot
1413.jpg,Shoe
1414.jpg,Sandal
1415.jpg,Boot
1416.jpg,Sandal
1417.jpg,Sandal
1418.jpg,Sandal
1419.jpg,Shoe
1420.jpg,Shoe
1421.jpg,Sandal
1422.jpg,Sandal
1423.jpg,Sandal
1424.jpg,Sandal
1425.jpg,Sandal
1426.jpg,Boot
1427.jpg,Boot
1428.jpg,Shoe
1429.jpg,Sandal
1430.jpg,Sandal
1431.jpg,Boot
1432.jpg,Shoe
1433.jpg,Sandal
1434.jpg,Boot
1435.jpg,Boot
1436.jpg,Boot
1437.jpg,Sandal
1438.jpg,Boot
1439.jpg,Boot
1440.jpg,Sandal
1441.jpg,Sandal
1442.jpg,Sandal
1443.jpg,Sandal
1444.jpg,Shoe
1445.jpg,Boot
1446.jpg,Shoe
1447.jpg,Boot
1448.jpg,Shoe
1449.jpg,Boot
1450.jpg,Boot
1451.jpg,Sandal
1452.jpg,Boot
1453.jpg,Sandal
1454.jpg,Shoe
1455.jpg,Shoe
1456.jpg,Boot
1457.jpg,Boot
1458.jpg,Shoe
1459.jpg,Sandal
1460.jpg,Sandal
1461.jpg,Shoe
1462.jpg,Shoe
1463.jpg,Boot
1464.jpg,Shoe
1465.jpg,Shoe
1466.jpg,Boot
1467.jpg,Sandal
1468.jpg,Shoe
1469.jpg,Sandal
1470.jpg,Boot
1471.jpg,Sandal
1472.jpg,Shoe
1473.jpg,Shoe
1474.jpg,Sandal
1475.jpg,Shoe
1476.jpg,Boot
1477.jpg,Shoe
1478.jpg,Shoe
1479.jpg,Shoe
1480.jpg,Shoe
1481.jpg,Sandal
1482.jpg,Sandal
1483.jpg,Boot
1484.jpg,Sandal
1485.jpg,Shoe
1486.jpg,Sandal
1487.jpg,Boot
1488.jpg,Boot
1489.jpg,Boot
1490.jpg,Shoe
1491.jpg,Boot
1492.jpg,Boot
1493.jpg,Sandal
1494.jpg,Boot
1495.jpg,Sandal
1496.jpg,Shoe
1497.jpg,Sandal
1498.jpg,Shoe
1499.jpg,Boot
1500.jpg,Sandal
1501.jpg,Sandal
1502.jpg,Sandal
1503.jpg,Boot
1504.jpg,Shoe
1505.jpg,Boot
1506.jpg,Boot
1507.jpg,Sandal
1508.jpg,Sandal
1509.jpg,Shoe
1510.jpg,Shoe
1511.jpg,Shoe
1512.jpg,Shoe
1513.jpg,Shoe
1514.jpg,Boot
1515.jpg,Shoe
1516.jpg,Shoe
1517.jpg,Shoe
1518.jpg,Shoe
1519.jpg,Boot
1520.jpg,Sandal
1521.jpg,Sandal
1522.jpg,Sandal
1523.jpg,Boot
1524.jpg,Sandal
1525.jpg,Boot
1526.jpg,Boot
1527.jpg,Sandal
1528.jpg,Shoe
1529.jpg,Sandal
1530.jpg,Sandal
1531.jpg,Sandal
1532.jpg,Sandal
1533.jpg,Shoe
1534.jpg,Boot
1535.jpg,Boot
1536.jpg,Sandal
1537.jpg,Sandal
1538.jpg,Sandal
1539.jpg,Shoe
1540.jpg,Boot
1541.jpg,Shoe
1542.jpg,Boot
1543.jpg,Boot
1544.jpg,Boot
1545.jpg,Sandal
1546.jpg,Boot
1547.jpg,Shoe
1548.jpg,Boot
1549.jpg,Sandal
1550.jpg,Sandal
1551.jpg,Shoe
1552.jpg,Sandal
1553.jpg,Sandal
1554.jpg,Sandal
1555.jpg,Boot
1556.jpg,Shoe
1557.jpg,Sandal
1558.jpg,Boot
1559.jpg,Sandal
1560.jpg,Sandal
1561.jpg,Boot
1562.jpg,Shoe
1563.jpg,Shoe
1564.jpg,Boot
1565.jpg,Boot
1566.jpg,Shoe
1567.jpg,Shoe
1568.jpg,Sandal
1569.jpg,Sandal
1570.jpg,Shoe
1571.jpg,Sandal
1572.jpg,Sandal
1573.jpg,Shoe
1574.jpg,Boot
1575.jpg,Sandal
1576.jpg,Boot
1577.jpg,Shoe
1578.jpg,Boot
1579.jpg,Sandal
1580.jpg,Boot
1581.jpg,Shoe
1582.jpg,Boot
1583.jpg,Sandal
1584.jpg,Shoe
1585.jpg,Sandal
1586.jpg,Sandal
1587.jpg,Boot
1588.jpg,Boot
1589.jpg,Boot
1590.jpg,Boot
1591.jpg,Sandal
1592.jpg,Boot
1593.jpg,Shoe
1594.jpg,Boot
1595.jpg,Sandal
1596.jpg,Sandal
1597.jpg,Boot
1598.jpg,Boot
1599.jpg,Boot
1600.jpg,Boot
1601.jpg,Boot
1602.jpg,Boot
1603.jpg,Boot
1604.jpg,Shoe
1605.jpg,Boot
1606.jpg,Shoe
1607.jpg,Shoe
1608.jpg,Shoe
1609.jpg,Sandal
1610.jpg,Sandal
1611.jpg,Sandal
1612.jpg,Sandal
1613.jpg,Shoe
1614.jpg,Shoe
1615.jpg,Shoe
1616.jpg,Shoe
1617.jpg,Boot
1618.jpg,Shoe
1619.jpg,Sandal
1620.jpg,Shoe
1621.jpg,Sandal
1622.jpg,Sandal
1623.jpg,Sandal
1624.jpg,Sandal
1625.jpg,Boot
1626.jpg,Sandal
1627.jpg,Shoe
1628.jpg,Sandal
1629.jpg,Shoe
1630.jpg,Boot
1631.jpg,Shoe
1632.jpg,Boot
1633.jpg,Sandal
1634.jpg,Boot
1635.jpg,Sandal
1636.jpg,Shoe
1637.jpg,Sandal
1638.jpg,Boot
1639.jpg,Sandal
1640.jpg,Shoe
1641.jpg,Shoe
1642.jpg,Boot
1643.jpg,Boot
1644.jpg,Boot
1645.jpg,Shoe
1646.jpg,Boot
1647.jpg,Sandal
1648.jpg,Boot
1649.jpg,Boot
1650.jpg,Boot
1651.jpg,Sandal
1652.jpg,Sandal
1653.jpg,Shoe
1654.jpg,Sandal
1655.jpg,Shoe
1656.jpg,Boot
1657.jpg,Sandal
1658.jpg,Boot
1659.jpg,Shoe
1660.jpg,Shoe
1661.jpg,Shoe
1662.jpg,Shoe
1663.jpg,Boot
1664.jpg,Sandal
1665.jpg,Boot
1666.jpg,Sandal
1667.jpg,Shoe
1668.jpg,Shoe
1669.jpg,Boot
1670.jpg,Shoe
1671.jpg,Sandal
1672.jpg,Shoe
1673.jpg,Shoe
1674.jpg,Sandal
1675.jpg,Sandal
1676.jpg,Boot
1677.jpg,Sandal
1678.jpg,Sandal
1679.jpg,Shoe
1680.jpg,Sandal
1681.jpg,Sandal
1682.jpg,Shoe
1683.jpg,Boot
1684.jpg,Boot
1685.jpg,Shoe
1686.jpg,Sandal
1687.jpg,Shoe
1688.jpg,Shoe
1689.jpg,Sandal
1690.jpg,Shoe
1691.jpg,Boot
1692.jpg,Shoe
1693.jpg,Boot
1694.jpg,Boot
1695.jpg,Boot
1696.jpg,Sandal
1697.jpg,Boot
1698.jpg,Boot
1699.jpg,Shoe
1700.jpg,Boot
1701.jpg,Sandal
1702.jpg,Boot
1703.jpg,Sandal
1704.jpg,Sandal
1705.jpg,Shoe
1706.jpg,Boot
1707.jpg,Shoe
1708.jpg,Shoe
1709.jpg,Sandal
1710.jpg,Sandal
1711.jpg,Sandal
1712.jpg,Sandal
1713.jpg,Boot
1714.jpg,Shoe
1715.jpg,Boot
1716.jpg,Shoe
1717.jpg,Sandal
1718.jpg,Shoe
1719.jpg,Sandal
1720.jpg,Boot
1721.jpg,Sandal
1722.jpg,Sandal
1723.jpg,Boot
1724.jpg,Shoe
1725.jpg,Boot
1726.jpg,Sandal
1727.jpg,Shoe
1728.jpg,Boot
1729.jpg,Shoe
1730.jpg,Boot
1731.jpg,Sandal
1732.jpg,Sandal
1733.jpg,Boot
1734.jpg,Shoe
1735.jpg,Sandal
1736.jpg,Sandal
1737.jpg,Shoe
1738.jpg,Sandal
1739.jpg,Sandal
1740.jpg,Sandal
1741.jpg,Sandal
1742.jpg,Boot
1743.jpg,Boot
1744.jpg,Shoe
1745.jpg,Sandal
1746.jpg,Sandal
1747.jpg,Boot
1748.jpg,Boot
1749.jpg,Shoe
1750.jpg,Sandal
1751.jpg,Shoe
1752.jpg,Shoe
1753.jpg,Sandal
1754.jpg,Boot
1755.jpg,Shoe
1756.jpg,Sandal
1757.jpg,Shoe
1758.jpg,Sandal
1759.jpg,Boot
1760.jpg,Boot
1761.jpg,Boot
1762.jpg,Sandal
1763.jpg,Sandal
1764.jpg,Boot
1765.jpg,Shoe
1766.jpg,Sandal
1767.jpg,Shoe
1768.jpg,Sandal
1769.jpg,Sandal
1770.jpg,Boot
1771.jpg,Boot
1772.jpg,Shoe
1773.jpg,Shoe
1774.jpg,Boot
1775.jpg,Shoe
1776.jpg,Boot
1777.jpg,Sandal
1778.jpg,Boot
1779.jpg,Boot
1780.jpg,Shoe
1781.jpg,Shoe
1782.jpg,Sandal
1783.jpg,Boot
1784.jpg,Sandal
1785.jpg,Shoe
1786.jpg,Shoe
1787.jpg,Sandal
1788.jpg,Sandal
1789.jpg,Shoe
1790.jpg,Shoe
1791.jpg,Sandal
1792.jpg,Shoe
1793.jpg,Shoe
1794.jpg,Sandal
1795.jpg,Shoe
1796.jpg,Shoe
1797.jpg,Shoe
1798.jpg,Boot
1799.jpg,Shoe
1800.jpg,Sandal
1801.jpg,Boot
1802.jpg,Sandal
1803.jpg,Boot
1804.jpg,Boot
1805.jpg,Boot
1806.jpg,Sandal
1807.jpg,Sandal
1808.jpg,Boot
1809.jpg,Sandal
1810.jpg,Sandal
1811.jpg,Boot
1812.jpg,Boot
1813.jpg,Boot
1814.jpg,Boot
1815.jpg,Boot
1816.jpg,Sandal
1817.jpg,Sandal
1818.jpg,Boot
1819.jpg,Boot
1820.jpg,Sandal
1821.jpg,Boot
1822.jpg,Sandal
1823.jpg,Boot
1824.jpg,Sandal
1825.jpg,Shoe
1826.jpg,Sandal
1827.jpg,Sandal
1828.jpg,Shoe
1829.jpg,Sandal
1830.jpg,Sandal
1831.jpg,Sandal
1832.jpg,Shoe
1833.jpg,Shoe
1834.jpg,Shoe
1835.jpg,Shoe
1836.jpg,Sandal
1837.jpg,Sandal
1838.jpg,Boot
1839.jpg,Sandal
1840.jpg,Sandal
1841.jpg,Sandal
1842.jpg,Boot
1843.jpg,Sandal
1844.jpg,Shoe
1845.jpg,Sandal
1846.jpg,Sandal
1847.jpg,Shoe
1848.jpg,Boot
1849.jpg,Sandal
1850.jpg,Boot
1851.jpg,Shoe
1852.jpg,Sandal
1853.jpg,Sandal
1854.jpg,Shoe
1855.jpg,Boot
1856.jpg,Sandal
1857.jpg,Sandal
1858.jpg,Shoe
1859.jpg,Boot
1860.jpg,Boot
1861.jpg,Shoe
1862.jpg,Boot
1863.jpg,Boot
1864.jpg,Shoe
1865.jpg,Boot
1866.jpg,Shoe
1867.jpg,Boot
1868.jpg,Boot
1869.jpg,Sandal
1870.jpg,Sandal
1871.jpg,Boot
1872.jpg,Shoe
1873.jpg,Boot
1874.jpg,Boot
1875.jpg,Boot
1876.jpg,Boot
1877.jpg,Sandal
1878.jpg,Boot
1879.jpg,Shoe
1880.jpg,Shoe
1881.jpg,Sandal
1882.jpg,Shoe
1883.jpg,Sandal
1884.jpg,Boot
1885.jpg,Shoe
1886.jpg,Sandal
1887.jpg,Shoe
1888.jpg,Sandal
1889.jpg,Sandal
1890.jpg,Boot
1891.jpg,Sandal
1892.jpg,Boot
1893.jpg,Boot
1894.jpg,Boot
1895.jpg,Shoe
1896.jpg,Shoe
1897.jpg,Shoe
1898.jpg,Boot
1899.jpg,Boot
1900.jpg,Sandal
1901.jpg,Sandal
1902.jpg,Sandal
1903.jpg,Boot
1904.jpg,Sandal
1905.jpg,Sandal
1906.jpg,Boot
1907.jpg,Shoe
1908.jpg,Sandal
1909.jpg,Shoe
1910.jpg,Shoe
1911.jpg,Boot
1912.jpg,Boot
1913.jpg,Boot
1914.jpg,Boot
1915.jpg,Boot
1916.jpg,Shoe
1917.jpg,Sandal
1918.jpg,Shoe
1919.jpg,Sandal
1920.jpg,Boot
1921.jpg,Boot
1922.jpg,Boot
1923.jpg,Sandal
1924.jpg,Sandal
1925.jpg,Sandal
1926.jpg,Shoe
1927.jpg,Boot
1928.jpg,Sandal
1929.jpg,Shoe
1930.jpg,Boot
1931.jpg,Sandal
1932.jpg,Sandal
1933.jpg,Boot
1934.jpg,Boot
1935.jpg,Shoe
1936.jpg,Sandal
1937.jpg,Sandal
1938.jpg,Sandal
1939.jpg,Shoe
1940.jpg,Sandal
1941.jpg,Sandal
1942.jpg,Shoe
1943.jpg,Boot
1944.jpg,Sandal
1945.jpg,Sandal
1946.jpg,Boot
1947.jpg,Sandal
1948.jpg,Boot
1949.jpg,Boot
1950.jpg,Sandal
1951.jpg,Shoe
1952.jpg,Sandal
1953.jpg,Shoe
1954.jpg,Shoe
1955.jpg,Shoe
1956.jpg,Sandal
1957.jpg,Sandal
1958.jpg,Shoe
1959.jpg,Boot
1960.jpg,Shoe
1961.jpg,Sandal
1962.jpg,Boot
1963.jpg,Boot
1964.jpg,Shoe
1965.jpg,Boot
1966.jpg,Sandal
1967.jpg,Boot
1968.jpg,Shoe
1969.jpg,Shoe
1970.jpg,Shoe
1971.jpg,Sandal
1972.jpg,Boot
1973.jpg,Shoe
1974.jpg,Boot
1975.jpg,Boot
1976.jpg,Shoe
1977.jpg,Shoe
1978.jpg,Sandal
1979.jpg,Shoe
1980.jpg,Boot
1981.jpg,Boot
1982.jpg,Boot
1983.jpg,Boot
1984.jpg,Shoe
1985.jpg,Sandal
1986.jpg,Shoe
1987.jpg,Sandal
1988.jpg,Sandal
1989.jpg,Shoe
1990.jpg,Boot
1991.jpg,Shoe
1992.jpg,Sandal
1993.jpg,Sandal
1994.jpg,Boot
1995.jpg,Shoe
1996.jpg,Shoe
1997.jpg,Sandal
1998.jpg,Boot
1999.jpg,Boot
2000.jpg,Boot
2001.jpg,Sandal
2002.jpg,Shoe
2003.jpg,Sandal
2004.jpg,Sandal
2005.jpg,Boot
2006.jpg,Shoe
2007.jpg,Boot
2008.jpg,Shoe
2009.jpg,Boot
2010.jpg,Shoe
2011.jpg,Sandal
2012.jpg,Sandal
2013.jpg,Shoe
2014.jpg,Shoe
2015.jpg,Sandal
2016.jpg,Boot
2017.jpg,Shoe
2018.jpg,Shoe
2019.jpg,Shoe
2020.jpg,Shoe
2021.jpg,Boot
2022.jpg,Boot
2023.jpg,Shoe
2024.jpg,Boot
2025.jpg,Boot
2026.jpg,Boot
2027.jpg,Boot
2028.jpg,Sandal
2029.jpg,Shoe
2030.jpg,Boot
2031.jpg,Shoe
2032.jpg,Boot
2033.jpg,Sandal
2034.jpg,Shoe
2035.jpg,Shoe
2036.jpg,Boot
2037.jpg,Sandal
2038.jpg,Boot
2039.jpg,Sandal
2040.jpg,Sandal
2041.jpg,Shoe
2042.jpg,Boot
2043.jpg,Boot
2044.jpg,Sandal
2045.jpg,Boot
2046.jpg,Shoe
2047.jpg,Boot
2048.jpg,Sandal
2049.jpg,Sandal
2050.jpg,Sandal
2051.jpg,Sandal
2052.jpg,Boot
2053.jpg,Boot
2054.jpg,Sandal
2055.jpg,Shoe
2056.jpg,Sandal
2057.jpg,Sandal
2058.jpg,Sandal
2059.jpg,Shoe
2060.jpg,Sandal
2061.jpg,Shoe
2062.jpg,Shoe
2063.jpg,Sandal
2064.jpg,Shoe
2065.jpg,Shoe
2066.jpg,Shoe
2067.jpg,Boot
2068.jpg,Sandal
2069.jpg,Shoe
2070.jpg,Sandal
2071.jpg,Sandal
2072.jpg,Shoe
2073.jpg,Shoe
2074.jpg,Sandal
2075.jpg,Boot
2076.jpg,Boot
2077.jpg,Shoe
2078.jpg,Boot
2079.jpg,Sandal
2080.jpg,Sandal
2081.jpg,Sandal
2082.jpg,Boot
2083.jpg,Shoe
2084.jpg,Sandal
2085.jpg,Shoe
2086.jpg,Shoe
2087.jpg,Boot
2088.jpg,Boot
2089.jpg,Shoe
2090.jpg,Sandal
2091.jpg,Shoe
2092.jpg,Sandal
2093.jpg,Sandal
2094.jpg,Shoe
2095.jpg,Sandal
2096.jpg,Shoe
2097.jpg,Boot
2098.jpg,Boot
2099.jpg,Sandal
2100.jpg,Boot
2101.jpg,Sandal
2102.jpg,Boot
2103.jpg,Boot
2104.jpg,Boot
2105.jpg,Sandal
2106.jpg,Sandal
2107.jpg,Boot
2108.jpg,Boot
2109.jpg,Shoe
2110.jpg,Sandal
2111.jpg,Shoe
2112.jpg,Shoe
2113.jpg,Boot
2114.jpg,Boot
2115.jpg,Sandal
2116.jpg,Sandal
2117.jpg,Sandal
2118.jpg,Sandal
2119.jpg,Boot
2120.jpg,Sandal
2121.jpg,Boot
2122.jpg,Boot
2123.jpg,Sandal
2124.jpg,Sandal
2125.jpg,Sandal
2126.jpg,Shoe
2127.jpg,Boot
2128.jpg,Shoe
2129.jpg,Shoe
2130.jpg,Boot
2131.jpg,Boot
2132.jpg,Sandal
2133.jpg,Sandal
2134.jpg,Boot
2135.jpg,Shoe
2136.jpg,Sandal
2137.jpg,Sandal
2138.jpg,Shoe
2139.jpg,Shoe
2140.jpg,Sandal
2141.jpg,Boot
2142.jpg,Shoe
2143.jpg,Boot
2144.jpg,Boot
2145.jpg,Sandal
2146.jpg,Boot
2147.jpg,Shoe
2148.jpg,Boot
2149.jpg,Shoe
2150.jpg,Sandal
2151.jpg,Shoe
2152.jpg,Boot
2153.jpg,Sandal
2154.jpg,Shoe
2155.jpg,Boot
2156.jpg,Sandal
2157.jpg,Boot
2158.jpg,Sandal
2159.jpg,Shoe
2160.jpg,Boot
2161.jpg,Boot
2162.jpg,Sandal
2163.jpg,Sandal
2164.jpg,Boot
2165.jpg,Boot
2166.jpg,Shoe
2167.jpg,Sandal
2168.jpg,Shoe
2169.jpg,Shoe
2170.jpg,Shoe
2171.jpg,Boot
2172.jpg,Boot
2173.jpg,Shoe
2174.jpg,Shoe
2175.jpg,Boot
2176.jpg,Boot
2177.jpg,Boot
2178.jpg,Sandal
2179.jpg,Sandal
2180.jpg,Boot
2181.jpg,Sandal
2182.jpg,Sandal
2183.jpg,Boot
2184.jpg,Sandal
2185.jpg,Sandal
2186.jpg,Shoe
2187.jpg,Boot
2188.jpg,Boot
2189.jpg,Sandal
2190.jpg,Boot
2191.jpg,Boot
2192.jpg,Boot
2193.jpg,Sandal
2194.jpg,Boot
2195.jpg,Shoe
2196.jpg,Shoe
2197.jpg,Sandal
2198.jpg,Boot
2199.jpg,Boot
2200.jpg,Boot
2201.jpg,Sandal
2202.jpg,Sandal
2203.jpg,Shoe
2204.jpg,Shoe
2205.jpg,Shoe
2206.jpg,Shoe
2207.jpg,Sandal
2208.jpg,Boot
2209.jpg,Shoe
2210.jpg,Boot
2211.jpg,Boot
2212.jpg,Sandal
2213.jpg,Boot
2214.jpg,Sandal
2215.jpg,Shoe
2216.jpg,Sandal
2217.jpg,Shoe
2218.jpg,Boot
2219.jpg,Boot
2220.jpg,Boot
2221.jpg,Shoe
2222.jpg,Sandal
2223.jpg,Shoe
2224.jpg,Boot
2225.jpg,Shoe
2226.jpg,Shoe
2227.jpg,Sandal
2228.jpg,Shoe
2229.jpg,Sandal
2230.jpg,Boot
2231.jpg,Shoe
2232.jpg,Boot
2233.jpg,Sandal
2234.jpg,Sandal
2235.jpg,Shoe
2236.jpg,Boot
2237.jpg,Shoe
2238.jpg,Boot
2239.jpg,Boot
2240.jpg,Shoe
2241.jpg,Boot
2242.jpg,Sandal
2243.jpg,Sandal
2244.jpg,Sandal
2245.jpg,Sandal
2246.jpg,Shoe
2247.jpg,Shoe
2248.jpg,Shoe
2249.jpg,Shoe
2250.jpg,Sandal
2251.jpg,Shoe
2252.jpg,Boot
2253.jpg,Shoe
2254.jpg,Sandal
2255.jpg,Sandal
2256.jpg,Boot
2257.jpg,Boot
2258.jpg,Sandal
2259.jpg,Shoe
2260.jpg,Boot
2261.jpg,Shoe
2262.jpg,Shoe
2263.jpg,Sandal
2264.jpg,Shoe
2265.jpg,Boot
2266.jpg,Boot
2267.jpg,Boot
2268.jpg,Boot
2269.jpg,Boot
2270.jpg,Boot
2271.jpg,Sandal
2272.jpg,Sandal
2273.jpg,Shoe
2274.jpg,Shoe
2275.jpg,Shoe
2276.jpg,Shoe
2277.jpg,Boot
2278.jpg,Sandal
2279.jpg,Sandal
2280.jpg,Sandal
2281.jpg,Sandal
2282.jpg,Sandal
2283.jpg,Sandal
2284.jpg,Shoe
2285.jpg,Boot
2286.jpg,Shoe
2287.jpg,Boot
2288.jpg,Shoe
2289.jpg,Shoe
2290.jpg,Boot
2291.jpg,Boot
2292.jpg,Boot
2293.jpg,Sandal
2294.jpg,Boot
2295.jpg,Sandal
2296.jpg,Sandal
2297.jpg,Shoe
2298.jpg,Boot
2299.jpg,Shoe
2300.jpg,Shoe
2301.jpg,Sandal
2302.jpg,Boot
2303.jpg,Sandal
2304.jpg,Boot
2305.jpg,Sandal
2306.jpg,Sandal
2307.jpg,Shoe
2308.jpg,Sandal
2309.jpg,Boot
2310.jpg,Sandal
2311.jpg,Sandal
2312.jpg,Boot
2313.jpg,Sandal
2314.jpg,Sandal
2315.jpg,Shoe
2316.jpg,Sandal
2317.jpg,Sandal
2318.jpg,Shoe
2319.jpg,Sandal
2320.jpg,Boot
2321.jpg,Boot
2322.jpg,Sandal
2323.jpg,Boot
2324.jpg,Sandal
2325.jpg,Sandal
2326.jpg,Sandal
2327.jpg,Shoe
2328.jpg,Sandal
2329.jpg,Shoe
2330.jpg,Shoe
2331.jpg,Boot
2332.jpg,Boot
2333.jpg,Shoe
2334.jpg,Shoe
2335.jpg,Shoe
2336.jpg,Boot
2337.jpg,Shoe
2338.jpg,Sandal
2339.jpg,Sandal
2340.jpg,Boot
2341.jpg,Boot
2342.jpg,Boot
2343.jpg,Boot
2344.jpg,Boot
2345.jpg,Sandal
2346.jpg,Shoe
2347.jpg,Boot
2348.jpg,Shoe
2349.jpg,Shoe
2350.jpg,Boot
2351.jpg,Shoe
2352.jpg,Boot
2353.jpg,Shoe
2354.jpg,Sandal
2355.jpg,Boot
2356.jpg,Boot
2357.jpg,Shoe
2358.jpg,Shoe
2359.jpg,Boot
2360.jpg,Boot
2361.jpg,Boot
2362.jpg,Shoe
2363.jpg,Sandal
2364.jpg,Shoe
2365.jpg,Shoe
2366.jpg,Shoe
2367.jpg,Boot
2368.jpg,Boot
2369.jpg,Shoe
2370.jpg,Boot
2371.jpg,Shoe
2372.jpg,Sandal
2373.jpg,Shoe
2374.jpg,Sandal
2375.jpg,Boot
2376.jpg,Sandal
2377.jpg,Sandal
2378.jpg,Sandal
2379.jpg,Sandal
2380.jpg,Shoe
2381.jpg,Boot
2382.jpg,Shoe
2383.jpg,Sandal
2384.jpg,Sandal
2385.jpg,Shoe
2386.jpg,Boot
2387.jpg,Sandal
2388.jpg,Boot
2389.jpg,Shoe
2390.jpg,Shoe
2391.jpg,Sandal
2392.jpg,Shoe
2393.jpg,Shoe
2394.jpg,Boot
2395.jpg,Boot
2396.jpg,Boot
2397.jpg,Boot
2398.jpg,Sandal
2399.jpg,Shoe
2400.jpg,Boot
2401.jpg,Shoe
2402.jpg,Shoe
2403.jpg,Sandal
2404.jpg,Shoe
2405.jpg,Boot
2406.jpg,Shoe
2407.jpg,Shoe
2408.jpg,Boot
2409.jpg,Boot
2410.jpg,Boot
2411.jpg,Shoe
2412.jpg,Sandal
2413.jpg,Shoe
2414.jpg,Sandal
2415.jpg,Shoe
2416.jpg,Sandal
2417.jpg,Sandal
2418.jpg,Boot
2419.jpg,Shoe
2420.jpg,Sandal
2421.jpg,Sandal
2422.jpg,Sandal
2423.jpg,Shoe
2424.jpg,Sandal
2425.jpg,Sandal
2426.jpg,Shoe
2427.jpg,Shoe
2428.jpg,Sandal
2429.jpg,Shoe
2430.jpg,Sandal
2431.jpg,Sandal
2432.jpg,Sandal
2433.jpg,Shoe
2434.jpg,Boot
2435.jpg,Shoe
2436.jpg,Boot
2437.jpg,Boot
2438.jpg,Sandal
2439.jpg,Sandal
2440.jpg,Sandal
2441.jpg,Boot
2442.jpg,Sandal
2443.jpg,Shoe
2444.jpg,Sandal
2445.jpg,Boot
2446.jpg,Boot
2447.jpg,Sandal
2448.jpg,Sandal
2449.jpg,Sandal
2450.jpg,Boot
2451.jpg,Boot
2452.jpg,Shoe
2453.jpg,Sandal
2454.jpg,Sandal
2455.jpg,Sandal
2456.jpg,Boot
2457.jpg,Sandal
2458.jpg,Sandal
2459.jpg,Boot
2460.jpg,Boot
2461.jpg,Sandal
2462.jpg,Shoe
2463.jpg,Shoe
2464.jpg,Boot
2465.jpg,Shoe
2466.jpg,Boot
2467.jpg,Boot
2468.jpg,Boot
2469.jpg,Boot
2470.jpg,Shoe
2471.jpg,Sandal
2472.jpg,Sandal
2473.jpg,Sandal
2474.jpg,Sandal
2475.jpg,Sandal
2476.jpg,Boot
2477.jpg,Sandal
2478.jpg,Shoe
2479.jpg,Shoe
2480.jpg,Shoe
2481.jpg,Shoe
2482.jpg,Boot
2483.jpg,Shoe
2484.jpg,Boot
2485.jpg,Shoe
2486.jpg,Boot
2487.jpg,Shoe
2488.jpg,Boot
2489.jpg,Sandal
2490.jpg,Boot
2491.jpg,Shoe
2492.jpg,Sandal
2493.jpg,Shoe
2494.jpg,Boot
2495.jpg,Shoe
2496.jpg,Shoe
2497.jpg,Shoe
2498.jpg,Sandal
2499.jpg,Boot
2500.jpg,Boot
2501.jpg,Shoe
2502.jpg,Sandal
2503.jpg,Shoe
2504.jpg,Sandal
2505.jpg,Boot
2506.jpg,Shoe
2507.jpg,Boot
2508.jpg,Sandal
2509.jpg,Boot
2510.jpg,Sandal
2511.jpg,Boot
2512.jpg,Shoe
2513.jpg,Shoe
2514.jpg,Boot
2515.jpg,Shoe
2516.jpg,Shoe
2517.jpg,Sandal
2518.jpg,Sandal
2519.jpg,Sandal
2520.jpg,Sandal
2521.jpg,Boot
2522.jpg,Sandal
2523.jpg,Shoe
2524.jpg,Boot
2525.jpg,Sandal
2526.jpg,Shoe
2527.jpg,Boot
2528.jpg,Shoe
2529.jpg,Boot
2530.jpg,Sandal
2531.jpg,Boot
2532.jpg,Boot
2533.jpg,Shoe
2534.jpg,Shoe
2535.jpg,Shoe
2536.jpg,Sandal
2537.jpg,Boot
2538.jpg,Boot
2539.jpg,Shoe
2540.jpg,Shoe
2541.jpg,Sandal
2542.jpg,Boot
2543.jpg,Boot
2544.jpg,Shoe
2545.jpg,Sandal
2546.jpg,Sandal
2547.jpg,Shoe
2548.jpg,Boot
2549.jpg,Shoe
2550.jpg,Shoe
2551.jpg,Sandal
2552.jpg,Boot
2553.jpg,Shoe
2554.jpg,Shoe
2555.jpg,Sandal
2556.jpg,Sandal
2557.jpg,Boot
2558.jpg,Boot
2559.jpg,Boot
2560.jpg,Sandal
2561.jpg,Shoe
2562.jpg,Shoe
2563.jpg,Sandal
2564.jpg,Boot
2565.jpg,Boot
2566.jpg,Sandal
2567.jpg,Sandal
2568.jpg,Boot
2569.jpg,Boot
2570.jpg,Boot
2571.jpg,Boot
2572.jpg,Shoe
2573.jpg,Boot
2574.jpg,Sandal
2575.jpg,Boot
2576.jpg,Sandal
2577.jpg,Boot
2578.jpg,Shoe
2579.jpg,Sandal
2580.jpg,Shoe
2581.jpg,Sandal
2582.jpg,Boot
2583.jpg,Boot
2584.jpg,Shoe
2585.jpg,Shoe
2586.jpg,Sandal
2587.jpg,Sandal
2588.jpg,Sandal
2589.jpg,Shoe
2590.jpg,Boot
2591.jpg,Boot
2592.jpg,Shoe
2593.jpg,Boot
2594.jpg,Boot
2595.jpg,Sandal
2596.jpg,Shoe
2597.jpg,Boot
2598.jpg,Shoe
2599.jpg,Shoe
2600.jpg,Shoe
2601.jpg,Sandal
2602.jpg,Sandal
2603.jpg,Sandal
2604.jpg,Sandal
2605.jpg,Sandal
2606.jpg,Sandal
2607.jpg,Shoe
2608.jpg,Sandal
2609.jpg,Shoe
2610.jpg,Boot
2611.jpg,Boot
2612.jpg,Sandal
2613.jpg,Shoe
2614.jpg,Sandal
2615.jpg,Boot
2616.jpg,Sandal
2617.jpg,Sandal
2618.jpg,Shoe
2619.jpg,Boot
2620.jpg,Boot
2621.jpg,Shoe
2622.jpg,Shoe
2623.jpg,Sandal
2624.jpg,Boot
2625.jpg,Boot
2626.jpg,Shoe
2627.jpg,Shoe
2628.jpg,Boot
2629.jpg,Sandal
2630.jpg,Sandal
2631.jpg,Sandal
2632.jpg,Boot
2633.jpg,Sandal
2634.jpg,Shoe
2635.jpg,Sandal
2636.jpg,Sandal
2637.jpg,Sandal
2638.jpg,Shoe
2639.jpg,Shoe
2640.jpg,Boot
2641.jpg,Boot
2642.jpg,Sandal
2643.jpg,Boot
2644.jpg,Shoe
2645.jpg,Boot
2646.jpg,Boot
2647.jpg,Sandal
2648.jpg,Sandal
2649.jpg,Shoe
2650.jpg,Boot
2651.jpg,Shoe
2652.jpg,Sandal
2653.jpg,Sandal
2654.jpg,Shoe
2655.jpg,Shoe
2656.jpg,Boot
2657.jpg,Boot
2658.jpg,Shoe
2659.jpg,Shoe
2660.jpg,Boot
2661.jpg,Shoe
2662.jpg,Sandal
2663.jpg,Sandal
2664.jpg,Boot
2665.jpg,Shoe
2666.jpg,Boot
2667.jpg,Shoe
2668.jpg,Boot
2669.jpg,Sandal
2670.jpg,Shoe
2671.jpg,Sandal
2672.jpg,Sandal
2673.jpg,Boot
2674.jpg,Boot
2675.jpg,Sandal
2676.jpg,Shoe
2677.jpg,Shoe
2678.jpg,Shoe
2679.jpg,Boot
2680.jpg,Sandal
2681.jpg,Boot
2682.jpg,Shoe
2683.jpg,Shoe
2684.jpg,Boot
2685.jpg,Shoe
2686.jpg,Sandal
2687.jpg,Sandal
2688.jpg,Boot
2689.jpg,Shoe
2690.jpg,Shoe
2691.jpg,Shoe
2692.jpg,Sandal
2693.jpg,Sandal
2694.jpg,Sandal
2695.jpg,Sandal
2696.jpg,Sandal
2697.jpg,Boot
2698.jpg,Sandal
2699.jpg,Sandal
2700.jpg,Shoe
2701.jpg,Sandal
2702.jpg,Sandal
2703.jpg,Sandal
2704.jpg,Boot
2705.jpg,Boot
2706.jpg,Shoe
2707.jpg,Boot
2708.jpg,Shoe
2709.jpg,Shoe
2710.jpg,Boot
2711.jpg,Sandal
2712.jpg,Shoe
2713.jpg,Boot
2714.jpg,Sandal
2715.jpg,Shoe
2716.jpg,Shoe
2717.jpg,Sandal
2718.jpg,Shoe
2719.jpg,Sandal
2720.jpg,Shoe
2721.jpg,Sandal
2722.jpg,Boot
2723.jpg,Shoe
2724.jpg,Shoe
2725.jpg,Shoe
2726.jpg,Shoe
2727.jpg,Sandal
2728.jpg,Shoe
2729.jpg,Shoe
2730.jpg,Sandal
2731.jpg,Sandal
2732.jpg,Shoe
2733.jpg,Boot
2734.jpg,Boot
2735.jpg,Sandal
2736.jpg,Shoe
2737.jpg,Shoe
2738.jpg,Shoe
2739.jpg,Shoe
2740.jpg,Boot
2741.jpg,Sandal
2742.jpg,Boot
2743.jpg,Sandal
2744.jpg,Sandal
2745.jpg,Boot
2746.jpg,Shoe
2747.jpg,Boot
2748.jpg,Boot
2749.jpg,Shoe
2750.jpg,Sandal
2751.jpg,Boot
2752.jpg,Shoe
2753.jpg,Sandal
2754.jpg,Boot
2755.jpg,Shoe
2756.jpg,Sandal
2757.jpg,Sandal
2758.jpg,Shoe
2759.jpg,Shoe
2760.jpg,Sandal
2761.jpg,Sandal
2762.jpg,Sandal
2763.jpg,Sandal
2764.jpg,Shoe
2765.jpg,Boot
2766.jpg,Sandal
2767.jpg,Shoe
2768.jpg,Sandal
2769.jpg,Shoe
2770.jpg,Boot
2771.jpg,Shoe
2772.jpg,Shoe
2773.jpg,Sandal
2774.jpg,Sandal
2775.jpg,Shoe
2776.jpg,Sandal
2777.jpg,Boot
2778.jpg,Sandal
2779.jpg,Boot
2780.jpg,Shoe
2781.jpg,Boot
2782.jpg,Sandal
2783.jpg,Shoe
2784.jpg,Sandal
2785.jpg,Boot
2786.jpg,Sandal
2787.jpg,Boot
2788.jpg,Boot
2789.jpg,Boot
2790.jpg,Shoe
2791.jpg,Sandal
2792.jpg,Shoe
2793.jpg,Sandal
2794.jpg,Sandal
2795.jpg,Boot
2796.jpg,Shoe
2797.jpg,Shoe
2798.jpg,Shoe
2799.jpg,Shoe
2800.jpg,Boot
2801.jpg,Sandal
2802.jpg,Boot
2803.jpg,Boot
2804.jpg,Shoe
2805.jpg,Boot
2806.jpg,Boot
2807.jpg,Shoe
2808.jpg,Sandal
2809.jpg,Sandal
2810.jpg,Shoe
2811.jpg,Sandal
2812.jpg,Sandal
2813.jpg,Sandal
2814.jpg,Shoe
2815.jpg,Shoe
2816.jpg,Shoe
2817.jpg,Shoe
2818.jpg,Boot
2819.jpg,Sandal
2820.jpg,Shoe
2821.jpg,Boot
2822.jpg,Shoe
2823.jpg,Shoe
2824.jpg,Boot
2825.jpg,Sandal
2826.jpg,Sandal
2827.jpg,Boot
2828.jpg,Shoe
2829.jpg,Boot
2830.jpg,Boot
2831.jpg,Boot
2832.jpg,Boot
2833.jpg,Boot
2834.jpg,Shoe
2835.jpg,Boot
2836.jpg,Boot
2837.jpg,Shoe
2838.jpg,Shoe
2839.jpg,Sandal
2840.jpg,Boot
2841.jpg,Boot
2842.jpg,Shoe
2843.jpg,Boot
2844.jpg,Shoe
2845.jpg,Shoe
2846.jpg,Boot
2847.jpg,Boot
2848.jpg,Shoe
2849.jpg,Boot
2850.jpg,Shoe
2851.jpg,Boot
2852.jpg,Shoe
2853.jpg,Sandal
2854.jpg,Shoe
2855.jpg,Boot
2856.jpg,Boot
2857.jpg,Shoe
2858.jpg,Boot
2859.jpg,Boot
2860.jpg,Shoe
2861.jpg,Boot
2862.jpg,Shoe
2863.jpg,Sandal
2864.jpg,Shoe
2865.jpg,Boot
2866.jpg,Sandal
2867.jpg,Sandal
2868.jpg,Boot
2869.jpg,Boot
2870.jpg,Boot
2871.jpg,Boot
2872.jpg,Shoe
2873.jpg,Sandal
2874.jpg,Sandal
2875.jpg,Shoe
2876.jpg,Sandal
2877.jpg,Shoe
2878.jpg,Shoe
2879.jpg,Boot
2880.jpg,Shoe
2881.jpg,Boot
2882.jpg,Sandal
2883.jpg,Shoe
2884.jpg,Sandal
2885.jpg,Boot
2886.jpg,Sandal
2887.jpg,Boot
2888.jpg,Shoe
2889.jpg,Sandal
2890.jpg,Boot
2891.jpg,Sandal
2892.jpg,Sandal
2893.jpg,Boot
2894.jpg,Sandal
2895.jpg,Boot
2896.jpg,Boot
2897.jpg,Boot
2898.jpg,Sandal
2899.jpg,Sandal
2900.jpg,Shoe
2901.jpg,Sandal
2902.jpg,Shoe
2903.jpg,Sandal
2904.jpg,Sandal
2905.jpg,Shoe
2906.jpg,Boot
2907.jpg,Boot
2908.jpg,Boot
2909.jpg,Boot
2910.jpg,Boot
2911.jpg,Shoe
2912.jpg,Boot
2913.jpg,Boot
2914.jpg,Boot
2915.jpg,Sandal
2916.jpg,Shoe
2917.jpg,Shoe
2918.jpg,Shoe
2919.jpg,Boot
2920.jpg,Sandal
2921.jpg,Shoe
2922.jpg,Shoe
2923.jpg,Boot
2924.jpg,Sandal
2925.jpg,Boot
2926.jpg,Boot
2927.jpg,Sandal
2928.jpg,Shoe
2929.jpg,Sandal
2930.jpg,Boot
2931.jpg,Sandal
2932.jpg,Boot
2933.jpg,Sandal
2934.jpg,Shoe
2935.jpg,Boot
2936.jpg,Boot
2937.jpg,Boot
2938.jpg,Boot
2939.jpg,Sandal
2940.jpg,Boot
2941.jpg,Sandal
2942.jpg,Boot
2943.jpg,Boot
2944.jpg,Shoe
2945.jpg,Boot
2946.jpg,Shoe
2947.jpg,Sandal
2948.jpg,Shoe
2949.jpg,Boot
2950.jpg,Sandal
2951.jpg,Boot
2952.jpg,Sandal
2953.jpg,Sandal
2954.jpg,Shoe
2955.jpg,Boot
2956.jpg,Boot
2957.jpg,Boot
2958.jpg,Boot
2959.jpg,Sandal
2960.jpg,Sandal
2961.jpg,Sandal
2962.jpg,Shoe
2963.jpg,Boot
2964.jpg,Shoe
2965.jpg,Boot
2966.jpg,Shoe
2967.jpg,Boot
2968.jpg,Sandal
2969.jpg,Boot
2970.jpg,Boot
2971.jpg,Boot
2972.jpg,Shoe
2973.jpg,Boot
2974.jpg,Boot
2975.jpg,Boot
2976.jpg,Boot
2977.jpg,Boot
2978.jpg,Boot
2979.jpg,Shoe
2980.jpg,Sandal
2981.jpg,Shoe
2982.jpg,Sandal
2983.jpg,Shoe
2984.jpg,Boot
2985.jpg,Shoe
2986.jpg,Boot
2987.jpg,Shoe
2988.jpg,Boot
2989.jpg,Shoe
2990.jpg,Shoe
2991.jpg,Sandal
2992.jpg,Shoe
2993.jpg,Sandal
2994.jpg,Sandal
2995.jpg,Boot
2996.jpg,Boot
2997.jpg,Boot
2998.jpg,Sandal
2999.jpg,Shoe
3000.jpg,Boot
3001.jpg,Shoe
3002.jpg,Sandal
3003.jpg,Sandal
3004.jpg,Shoe
3005.jpg,Boot
3006.jpg,Sandal
3007.jpg,Shoe
3008.jpg,Shoe
3009.jpg,Shoe
3010.jpg,Sandal
3011.jpg,Shoe
3012.jpg,Sandal
3013.jpg,Sandal
3014.jpg,Shoe
3015.jpg,Shoe
3016.jpg,Shoe
3017.jpg,Shoe
3018.jpg,Sandal
3019.jpg,Sandal
3020.jpg,Shoe
3021.jpg,Sandal
3022.jpg,Sandal
3023.jpg,Sandal
3024.jpg,Boot
3025.jpg,Boot
3026.jpg,Sandal
3027.jpg,Sandal
3028.jpg,Sandal
3029.jpg,Boot
3030.jpg,Boot
3031.jpg,Shoe
3032.jpg,Shoe
3033.jpg,Sandal
3034.jpg,Shoe
3035.jpg,Sandal
3036.jpg,Sandal
3037.jpg,Sandal
3038.jpg,Sandal
3039.jpg,Shoe
3040.jpg,Sandal
3041.jpg,Shoe
3042.jpg,Sandal
3043.jpg,Boot
3044.jpg,Shoe
3045.jpg,Shoe
3046.jpg,Boot
3047.jpg,Boot
3048.jpg,Sandal
3049.jpg,Boot
3050.jpg,Boot
3051.jpg,Boot
3052.jpg,Boot
3053.jpg,Shoe
3054.jpg,Shoe
3055.jpg,Boot
3056.jpg,Shoe
3057.jpg,Shoe
3058.jpg,Sandal
3059.jpg,Boot
3060.jpg,Sandal
3061.jpg,Sandal
3062.jpg,Shoe
3063.jpg,Sandal
3064.jpg,Sandal
3065.jpg,Boot
3066.jpg,Sandal
3067.jpg,Sandal
3068.jpg,Shoe
3069.jpg,Boot
3070.jpg,Boot
3071.jpg,Shoe
3072.jpg,Sandal
3073.jpg,Shoe
3074.jpg,Shoe
3075.jpg,Boot
3076.jpg,Sandal
3077.jpg,Sandal
3078.jpg,Boot
3079.jpg,Boot
3080.jpg,Boot
3081.jpg,Sandal
3082.jpg,Shoe
3083.jpg,Sandal
3084.jpg,Boot
3085.jpg,Sandal
3086.jpg,Shoe
3087.jpg,Boot
3088.jpg,Shoe
3089.jpg,Shoe
3090.jpg,Boot
3091.jpg,Boot
3092.jpg,Sandal
3093.jpg,Shoe
3094.jpg,Sandal
3095.jpg,Boot
3096.jpg,Boot
3097.jpg,Boot
3098.jpg,Sandal
3099.jpg,Sandal
3100.jpg,Sandal
3101.jpg,Sandal
3102.jpg,Shoe
3103.jpg,Sandal
3104.jpg,Shoe
3105.jpg,Shoe
3106.jpg,Boot
3107.jpg,Boot
3108.jpg,Boot
3109.jpg,Sandal
3110.jpg,Sandal
3111.jpg,Shoe
3112.jpg,Sandal
3113.jpg,Boot
3114.jpg,Shoe
3115.jpg,Shoe
3116.jpg,Shoe
3117.jpg,Shoe
3118.jpg,Sandal
3119.jpg,Boot
3120.jpg,Sandal
3121.jpg,Shoe
3122.jpg,Boot
3123.jpg,Shoe
3124.jpg,Boot
3125.jpg,Shoe
3126.jpg,Sandal
3127.jpg,Boot
3128.jpg,Shoe
3129.jpg,Boot
3130.jpg,Boot
3131.jpg,Sandal
3132.jpg,Sandal
3133.jpg,Sandal
3134.jpg,Boot
3135.jpg,Shoe
3136.jpg,Shoe
3137.jpg,Boot
3138.jpg,Boot
3139.jpg,Shoe
3140.jpg,Shoe
3141.jpg,Shoe
3142.jpg,Shoe
3143.jpg,Boot
3144.jpg,Sandal
3145.jpg,Sandal
3146.jpg,Shoe
3147.jpg,Boot
3148.jpg,Boot
3149.jpg,Shoe
3150.jpg,Sandal
3151.jpg,Sandal
3152.jpg,Boot
3153.jpg,Boot
3154.jpg,Shoe
3155.jpg,Shoe
3156.jpg,Shoe
3157.jpg,Boot
3158.jpg,Boot
3159.jpg,Shoe
3160.jpg,Sandal
3161.jpg,Sandal
3162.jpg,Boot
3163.jpg,Sandal
3164.jpg,Sandal
3165.jpg,Sandal
3166.jpg,Boot
3167.jpg,Boot
3168.jpg,Boot
3169.jpg,Boot
3170.jpg,Sandal
3171.jpg,Boot
3172.jpg,Shoe
3173.jpg,Shoe
3174.jpg,Sandal
3175.jpg,Boot
3176.jpg,Sandal
3177.jpg,Sandal
3178.jpg,Shoe
3179.jpg,Sandal
3180.jpg,Sandal
3181.jpg,Shoe
3182.jpg,Sandal
3183.jpg,Sandal
3184.jpg,Sandal
3185.jpg,Boot
3186.jpg,Shoe
3187.jpg,Boot
3188.jpg,Boot
3189.jpg,Sandal
3190.jpg,Boot
3191.jpg,Shoe
3192.jpg,Sandal
3193.jpg,Shoe
3194.jpg,Shoe
3195.jpg,Shoe
3196.jpg,Sandal
3197.jpg,Sandal
3198.jpg,Boot
3199.jpg,Boot
3200.jpg,Boot
3201.jpg,Sandal
3202.jpg,Sandal
3203.jpg,Shoe
3204.jpg,Boot
3205.jpg,Shoe
3206.jpg,Sandal
3207.jpg,Sandal
3208.jpg,Shoe
3209.jpg,Shoe
3210.jpg,Boot
3211.jpg,Sandal
3212.jpg,Boot
3213.jpg,Shoe
3214.jpg,Boot
3215.jpg,Shoe
3216.jpg,Shoe
3217.jpg,Sandal
3218.jpg,Shoe
3219.jpg,Shoe
3220.jpg,Boot
3221.jpg,Shoe
3222.jpg,Boot
3223.jpg,Sandal
3224.jpg,Boot
3225.jpg,Boot
3226.jpg,Shoe
3227.jpg,Shoe
3228.jpg,Boot
3229.jpg,Shoe
3230.jpg,Shoe
3231.jpg,Boot
3232.jpg,Shoe
3233.jpg,Boot
3234.jpg,Sandal
3235.jpg,Sandal
3236.jpg,Sandal
3237.jpg,Shoe
3238.jpg,Boot
3239.jpg,Shoe
3240.jpg,Shoe
3241.jpg,Boot
3242.jpg,Shoe
3243.jpg,Shoe
3244.jpg,Sandal
3245.jpg,Shoe
3246.jpg,Boot
3247.jpg,Shoe
3248.jpg,Sandal
3249.jpg,Boot
3250.jpg,Boot
3251.jpg,Shoe
3252.jpg,Sandal
3253.jpg,Shoe
3254.jpg,Sandal
3255.jpg,Boot
3256.jpg,Boot
3257.jpg,Boot
3258.jpg,Boot
3259.jpg,Boot
3260.jpg,Shoe
3261.jpg,Boot
3262.jpg,Sandal
3263.jpg,Shoe
3264.jpg,Shoe
3265.jpg,Sandal
3266.jpg,Boot
3267.jpg,Boot
3268.jpg,Boot
3269.jpg,Sandal
3270.jpg,Shoe
3271.jpg,Boot
3272.jpg,Boot
3273.jpg,Boot
3274.jpg,Sandal
3275.jpg,Shoe
3276.jpg,Boot
3277.jpg,Boot
3278.jpg,Sandal
3279.jpg,Sandal
3280.jpg,Boot
3281.jpg,Shoe
3282.jpg,Sandal
3283.jpg,Sandal
3284.jpg,Shoe
3285.jpg,Shoe
3286.jpg,Sandal
3287.jpg,Boot
3288.jpg,Sandal
3289.jpg,Boot
3290.jpg,Boot
3291.jpg,Shoe
3292.jpg,Boot
3293.jpg,Shoe
3294.jpg,Shoe
3295.jpg,Shoe
3296.jpg,Boot
3297.jpg,Shoe
3298.jpg,Boot
3299.jpg,Sandal
3300.jpg,Boot
3301.jpg,Boot
3302.jpg,Boot
3303.jpg,Boot
3304.jpg,Shoe
3305.jpg,Shoe
3306.jpg,Shoe
3307.jpg,Shoe
3308.jpg,Boot
3309.jpg,Shoe
3310.jpg,Sandal
3311.jpg,Shoe
3312.jpg,Shoe
3313.jpg,Sandal
3314.jpg,Sandal
3315.jpg,Boot
3316.jpg,Sandal
3317.jpg,Shoe
3318.jpg,Sandal
3319.jpg,Sandal
3320.jpg,Boot
3321.jpg,Boot
3322.jpg,Sandal
3323.jpg,Shoe
3324.jpg,Shoe
3325.jpg,Boot
3326.jpg,Shoe
3327.jpg,Sandal
3328.jpg,Shoe
3329.jpg,Shoe
3330.jpg,Sandal
3331.jpg,Sandal
3332.jpg,Shoe
3333.jpg,Sandal
3334.jpg,Boot
3335.jpg,Sandal
3336.jpg,Boot
3337.jpg,Sandal
3338.jpg,Shoe
3339.jpg,Shoe
3340.jpg,Boot
3341.jpg,Boot
3342.jpg,Shoe
3343.jpg,Sandal
3344.jpg,Shoe
3345.jpg,Boot
3346.jpg,Shoe
3347.jpg,Boot
3348.jpg,Boot
3349.jpg,Shoe
3350.jpg,Shoe
3351.jpg,Shoe
3352.jpg,Boot
3353.jpg,Shoe
3354.jpg,Sandal
3355.jpg,Sandal
3356.jpg,Shoe
3357.jpg,Boot
3358.jpg,Shoe
3359.jpg,Boot
3360.jpg,Boot
3361.jpg,Shoe
3362.jpg,Sandal
3363.jpg,Sandal
3364.jpg,Shoe
3365.jpg,Shoe
3366.jpg,Shoe
3367.jpg,Shoe
3368.jpg,Boot
3369.jpg,Shoe
3370.jpg,Sandal
3371.jpg,Shoe
3372.jpg,Boot
3373.jpg,Shoe
3374.jpg,Sandal
3375.jpg,Shoe
3376.jpg,Shoe
3377.jpg,Boot
3378.jpg,Boot
3379.jpg,Boot
3380.jpg,Boot
3381.jpg,Boot
3382.jpg,Shoe
3383.jpg,Sandal
3384.jpg,Boot
3385.jpg,Shoe
3386.jpg,Sandal
3387.jpg,Boot
3388.jpg,Sandal
3389.jpg,Sandal
3390.jpg,Boot
3391.jpg,Sandal
3392.jpg,Boot
3393.jpg,Sandal
3394.jpg,Boot
3395.jpg,Boot
3396.jpg,Shoe
3397.jpg,Shoe
3398.jpg,Sandal
3399.jpg,Shoe
3400.jpg,Boot
3401.jpg,Sandal
3402.jpg,Sandal
3403.jpg,Sandal
3404.jpg,Shoe
3405.jpg,Boot
3406.jpg,Sandal
3407.jpg,Shoe
3408.jpg,Sandal
3409.jpg,Boot
3410.jpg,Boot
3411.jpg,Boot
3412.jpg,Boot
3413.jpg,Boot
3414.jpg,Boot
3415.jpg,Boot
3416.jpg,Shoe
3417.jpg,Boot
3418.jpg,Sandal
3419.jpg,Boot
3420.jpg,Shoe
3421.jpg,Sandal
3422.jpg,Shoe
3423.jpg,Boot
3424.jpg,Boot
3425.jpg,Boot
3426.jpg,Boot
3427.jpg,Shoe
3428.jpg,Boot
3429.jpg,Shoe
3430.jpg,Sandal
3431.jpg,Boot
3432.jpg,Shoe
3433.jpg,Sandal
3434.jpg,Boot
3435.jpg,Boot
3436.jpg,Sandal
3437.jpg,Sandal
3438.jpg,Boot
3439.jpg,Shoe
3440.jpg,Boot
3441.jpg,Shoe
3442.jpg,Shoe
3443.jpg,Boot
3444.jpg,Shoe
3445.jpg,Sandal
3446.jpg,Boot
3447.jpg,Boot
3448.jpg,Boot
3449.jpg,Shoe
3450.jpg,Sandal
3451.jpg,Boot
3452.jpg,Shoe
3453.jpg,Boot
3454.jpg,Sandal
3455.jpg,Sandal
3456.jpg,Shoe
3457.jpg,Sandal
3458.jpg,Sandal
3459.jpg,Shoe
3460.jpg,Shoe
3461.jpg,Sandal
3462.jpg,Boot
3463.jpg,Shoe
3464.jpg,Shoe
3465.jpg,Sandal
3466.jpg,Sandal
3467.jpg,Shoe
3468.jpg,Boot
3469.jpg,Sandal
3470.jpg,Boot
3471.jpg,Boot
3472.jpg,Sandal
3473.jpg,Boot
3474.jpg,Sandal
3475.jpg,Shoe
3476.jpg,Shoe
3477.jpg,Shoe
3478.jpg,Sandal
3479.jpg,Sandal
3480.jpg,Shoe
3481.jpg,Boot
3482.jpg,Sandal
3483.jpg,Shoe
3484.jpg,Boot
3485.jpg,Boot
3486.jpg,Boot
3487.jpg,Shoe
3488.jpg,Shoe
3489.jpg,Sandal
3490.jpg,Boot
3491.jpg,Sandal
3492.jpg,Sandal
3493.jpg,Shoe
3494.jpg,Boot
3495.jpg,Sandal
3496.jpg,Shoe
3497.jpg,Sandal
3498.jpg,Sandal
3499.jpg,Sandal
3500.jpg,Boot
3501.jpg,Boot
3502.jpg,Sandal
3503.jpg,Sandal
3504.jpg,Shoe
3505.jpg,Boot
3506.jpg,Boot
3507.jpg,Sandal
3508.jpg,Sandal
3509.jpg,Boot
3510.jpg,Shoe
3511.jpg,Shoe
3512.jpg,Sandal
3513.jpg,Boot
3514.jpg,Shoe
3515.jpg,Boot
3516.jpg,Boot
3517.jpg,Sandal
3518.jpg,Sandal
3519.jpg,Shoe
3520.jpg,Boot
3521.jpg,Boot
3522.jpg,Sandal
3523.jpg,Sandal
3524.jpg,Shoe
3525.jpg,Shoe
3526.jpg,Sandal
3527.jpg,Sandal
3528.jpg,Boot
3529.jpg,Boot
3530.jpg,Sandal
3531.jpg,Shoe
3532.jpg,Sandal
3533.jpg,Shoe
3534.jpg,Shoe
3535.jpg,Sandal
3536.jpg,Shoe
3537.jpg,Shoe
3538.jpg,Shoe
3539.jpg,Shoe
3540.jpg,Sandal
3541.jpg,Boot
3542.jpg,Shoe
3543.jpg,Boot
3544.jpg,Shoe
3545.jpg,Boot
3546.jpg,Sandal
3547.jpg,Shoe
3548.jpg,Boot
3549.jpg,Shoe
3550.jpg,Sandal
3551.jpg,Sandal
3552.jpg,Boot
3553.jpg,Shoe
3554.jpg,Sandal
3555.jpg,Boot
3556.jpg,Boot
3557.jpg,Sandal
3558.jpg,Boot
3559.jpg,Shoe
3560.jpg,Boot
3561.jpg,Boot
3562.jpg,Shoe
3563.jpg,Boot
3564.jpg,Sandal
3565.jpg,Boot
3566.jpg,Shoe
3567.jpg,Shoe
3568.jpg,Shoe
3569.jpg,Boot
3570.jpg,Sandal
3571.jpg,Sandal
3572.jpg,Sandal
3573.jpg,Boot
3574.jpg,Sandal
3575.jpg,Shoe
3576.jpg,Sandal
3577.jpg,Boot
3578.jpg,Boot
3579.jpg,Boot
3580.jpg,Boot
3581.jpg,Boot
3582.jpg,Sandal
3583.jpg,Shoe
3584.jpg,Sandal
3585.jpg,Sandal
3586.jpg,Sandal
3587.jpg,Shoe
3588.jpg,Sandal
3589.jpg,Sandal
3590.jpg,Shoe
3591.jpg,Shoe
3592.jpg,Shoe
3593.jpg,Boot
3594.jpg,Boot
3595.jpg,Boot
3596.jpg,Boot
3597.jpg,Sandal
3598.jpg,Sandal
3599.jpg,Shoe
3600.jpg,Boot
3601.jpg,Boot
3602.jpg,Boot
3603.jpg,Sandal
3604.jpg,Sandal
3605.jpg,Shoe
3606.jpg,Shoe
3607.jpg,Sandal
3608.jpg,Shoe
3609.jpg,Shoe
3610.jpg,Shoe
3611.jpg,Sandal
3612.jpg,Sandal
3613.jpg,Sandal
3614.jpg,Boot
3615.jpg,Sandal
3616.jpg,Boot
3617.jpg,Shoe
3618.jpg,Sandal
3619.jpg,Shoe
3620.jpg,Shoe
3621.jpg,Shoe
3622.jpg,Shoe
3623.jpg,Sandal
3624.jpg,Sandal
3625.jpg,Sandal
3626.jpg,Sandal
3627.jpg,Boot
3628.jpg,Boot
3629.jpg,Shoe
3630.jpg,Sandal
3631.jpg,Shoe
3632.jpg,Sandal
3633.jpg,Sandal
3634.jpg,Shoe
3635.jpg,Sandal
3636.jpg,Shoe
3637.jpg,Boot
3638.jpg,Shoe
3639.jpg,Shoe
3640.jpg,Boot
3641.jpg,Boot
3642.jpg,Shoe
3643.jpg,Shoe
3644.jpg,Sandal
3645.jpg,Shoe
3646.jpg,Sandal
3647.jpg,Sandal
3648.jpg,Boot
3649.jpg,Sandal
3650.jpg,Shoe
3651.jpg,Boot
3652.jpg,Shoe
3653.jpg,Shoe
3654.jpg,Sandal
3655.jpg,Shoe
3656.jpg,Sandal
3657.jpg,Shoe
3658.jpg,Shoe
3659.jpg,Sandal
3660.jpg,Sandal
3661.jpg,Sandal
3662.jpg,Sandal
3663.jpg,Boot
3664.jpg,Sandal
3665.jpg,Shoe
3666.jpg,Shoe
3667.jpg,Shoe
3668.jpg,Shoe
3669.jpg,Boot
3670.jpg,Boot
3671.jpg,Boot
3672.jpg,Shoe
3673.jpg,Boot
3674.jpg,Shoe
3675.jpg,Sandal
3676.jpg,Boot
3677.jpg,Boot
3678.jpg,Shoe
3679.jpg,Boot
3680.jpg,Shoe
3681.jpg,Shoe
3682.jpg,Boot
3683.jpg,Shoe
3684.jpg,Shoe
3685.jpg,Boot
3686.jpg,Sandal
3687.jpg,Shoe
3688.jpg,Sandal
3689.jpg,Boot
3690.jpg,Sandal
3691.jpg,Sandal
3692.jpg,Sandal
3693.jpg,Sandal
3694.jpg,Boot
3695.jpg,Shoe
3696.jpg,Boot
3697.jpg,Sandal
3698.jpg,Boot
3699.jpg,Shoe
3700.jpg,Boot
3701.jpg,Boot
3702.jpg,Shoe
3703.jpg,Boot
3704.jpg,Boot
3705.jpg,Boot
3706.jpg,Boot
3707.jpg,Boot
3708.jpg,Sandal
3709.jpg,Sandal
3710.jpg,Boot
3711.jpg,Shoe
3712.jpg,Sandal
3713.jpg,Sandal
3714.jpg,Shoe
3715.jpg,Boot
3716.jpg,Sandal
3717.jpg,Boot
3718.jpg,Sandal
3719.jpg,Sandal
3720.jpg,Sandal
3721.jpg,Shoe
3722.jpg,Sandal
3723.jpg,Sandal
3724.jpg,Shoe
3725.jpg,Boot
3726.jpg,Sandal
3727.jpg,Sandal
3728.jpg,Boot
3729.jpg,Shoe
3730.jpg,Shoe
3731.jpg,Sandal
3732.jpg,Boot
3733.jpg,Sandal
3734.jpg,Sandal
3735.jpg,Sandal
3736.jpg,Boot
3737.jpg,Shoe
3738.jpg,Boot
3739.jpg,Shoe
3740.jpg,Sandal
3741.jpg,Sandal
3742.jpg,Boot
3743.jpg,Shoe
3744.jpg,Boot
3745.jpg,Sandal
3746.jpg,Boot
3747.jpg,Sandal
3748.jpg,Shoe
3749.jpg,Shoe
3750.jpg,Boot
3751.jpg,Sandal
3752.jpg,Sandal
3753.jpg,Shoe
3754.jpg,Boot
3755.jpg,Shoe
3756.jpg,Shoe
3757.jpg,Shoe
3758.jpg,Shoe
3759.jpg,Shoe
3760.jpg,Sandal
3761.jpg,Boot
3762.jpg,Boot
3763.jpg,Boot
3764.jpg,Sandal
3765.jpg,Boot
3766.jpg,Boot
3767.jpg,Shoe
3768.jpg,Shoe
3769.jpg,Sandal
3770.jpg,Boot
3771.jpg,Shoe
3772.jpg,Shoe
3773.jpg,Boot
3774.jpg,Sandal
3775.jpg,Boot
3776.jpg,Sandal
3777.jpg,Sandal
3778.jpg,Shoe
3779.jpg,Shoe
3780.jpg,Sandal
3781.jpg,Boot
3782.jpg,Shoe
3783.jpg,Boot
3784.jpg,Shoe
3785.jpg,Sandal
3786.jpg,Shoe
3787.jpg,Boot
3788.jpg,Sandal
3789.jpg,Shoe
3790.jpg,Sandal
3791.jpg,Sandal
3792.jpg,Sandal
3793.jpg,Shoe
3794.jpg,Sandal
3795.jpg,Boot
3796.jpg,Shoe
3797.jpg,Sandal
3798.jpg,Boot
3799.jpg,Boot
3800.jpg,Shoe
3801.jpg,Shoe
3802.jpg,Boot
3803.jpg,Sandal
3804.jpg,Boot
3805.jpg,Shoe
3806.jpg,Shoe
3807.jpg,Boot
3808.jpg,Sandal
3809.jpg,Sandal
3810.jpg,Sandal
3811.jpg,Sandal
3812.jpg,Boot
3813.jpg,Boot
3814.jpg,Sandal
3815.jpg,Boot
3816.jpg,Sandal
3817.jpg,Shoe
3818.jpg,Sandal
3819.jpg,Shoe
3820.jpg,Shoe
3821.jpg,Shoe
3822.jpg,Shoe
3823.jpg,Shoe
3824.jpg,Shoe
3825.jpg,Sandal
3826.jpg,Boot
3827.jpg,Sandal
3828.jpg,Boot
3829.jpg,Sandal
3830.jpg,Sandal
3831.jpg,Shoe
3832.jpg,Shoe
3833.jpg,Boot
3834.jpg,Sandal
3835.jpg,Boot
3836.jpg,Sandal
3837.jpg,Shoe
3838.jpg,Boot
3839.jpg,Sandal
3840.jpg,Boot
3841.jpg,Shoe
3842.jpg,Boot
3843.jpg,Sandal
3844.jpg,Boot
3845.jpg,Sandal
3846.jpg,Boot
3847.jpg,Boot
3848.jpg,Shoe
3849.jpg,Shoe
3850.jpg,Boot
3851.jpg,Shoe
3852.jpg,Sandal
3853.jpg,Boot
3854.jpg,Boot
3855.jpg,Boot
3856.jpg,Sandal
3857.jpg,Sandal
3858.jpg,Boot
3859.jpg,Sandal
3860.jpg,Boot
3861.jpg,Shoe
3862.jpg,Sandal
3863.jpg,Shoe
3864.jpg,Shoe
3865.jpg,Shoe
3866.jpg,Sandal
3867.jpg,Shoe
3868.jpg,Boot
3869.jpg,Sandal
3870.jpg,Sandal
3871.jpg,Sandal
3872.jpg,Sandal
3873.jpg,Sandal
3874.jpg,Sandal
3875.jpg,Boot
3876.jpg,Boot
3877.jpg,Boot
3878.jpg,Shoe
3879.jpg,Shoe
3880.jpg,Sandal
3881.jpg,Sandal
3882.jpg,Sandal
3883.jpg,Shoe
3884.jpg,Boot
3885.jpg,Boot
3886.jpg,Sandal
3887.jpg,Shoe
3888.jpg,Shoe
3889.jpg,Shoe
3890.jpg,Boot
3891.jpg,Sandal
3892.jpg,Shoe
3893.jpg,Boot
3894.jpg,Sandal
3895.jpg,Sandal
3896.jpg,Sandal
3897.jpg,Sandal
3898.jpg,Sandal
3899.jpg,Boot
3900.jpg,Boot
3901.jpg,Sandal
3902.jpg,Shoe
3903.jpg,Boot
3904.jpg,Shoe
3905.jpg,Boot
3906.jpg,Sandal
3907.jpg,Boot
3908.jpg,Sandal
3909.jpg,Boot
3910.jpg,Boot
3911.jpg,Sandal
3912.jpg,Boot
3913.jpg,Shoe
3914.jpg,Boot
3915.jpg,Sandal
3916.jpg,Shoe
3917.jpg,Sandal
3918.jpg,Sandal
3919.jpg,Sandal
3920.jpg,Shoe
3921.jpg,Boot
3922.jpg,Boot
3923.jpg,Shoe
3924.jpg,Shoe
3925.jpg,Sandal
3926.jpg,Boot
3927.jpg,Sandal
3928.jpg,Shoe
3929.jpg,Shoe
3930.jpg,Sandal
3931.jpg,Boot
3932.jpg,Shoe
3933.jpg,Boot
3934.jpg,Sandal
3935.jpg,Boot
3936.jpg,Sandal
3937.jpg,Boot
3938.jpg,Shoe
3939.jpg,Sandal
3940.jpg,Shoe
3941.jpg,Boot
3942.jpg,Sandal
3943.jpg,Shoe
3944.jpg,Shoe
3945.jpg,Sandal
3946.jpg,Sandal
3947.jpg,Shoe
3948.jpg,Shoe
3949.jpg,Shoe
3950.jpg,Sandal
3951.jpg,Sandal
3952.jpg,Sandal
3953.jpg,Shoe
3954.jpg,Shoe
3955.jpg,Boot
3956.jpg,Shoe
3957.jpg,Sandal
3958.jpg,Sandal
3959.jpg,Boot
3960.jpg,Shoe
3961.jpg,Sandal
3962.jpg,Boot
3963.jpg,Shoe
3964.jpg,Shoe
3965.jpg,Shoe
3966.jpg,Sandal
3967.jpg,Shoe
3968.jpg,Boot
3969.jpg,Boot
3970.jpg,Shoe
3971.jpg,Shoe
3972.jpg,Boot
3973.jpg,Boot
3974.jpg,Boot
3975.jpg,Sandal
3976.jpg,Boot
3977.jpg,Boot
3978.jpg,Shoe
3979.jpg,Shoe
3980.jpg,Boot
3981.jpg,Boot
3982.jpg,Boot
3983.jpg,Boot
3984.jpg,Boot
3985.jpg,Shoe
3986.jpg,Shoe
3987.jpg,Shoe
3988.jpg,Sandal
3989.jpg,Shoe
3990.jpg,Boot
3991.jpg,Boot
3992.jpg,Sandal
3993.jpg,Boot
3994.jpg,Shoe
3995.jpg,Boot
3996.jpg,Boot
3997.jpg,Boot
3998.jpg,Boot
3999.jpg,Boot
4000.jpg,Boot
4001.jpg,Boot
4002.jpg,Shoe
4003.jpg,Shoe
4004.jpg,Boot
4005.jpg,Shoe
4006.jpg,Shoe
4007.jpg,Boot
4008.jpg,Sandal
4009.jpg,Boot
4010.jpg,Boot
4011.jpg,Sandal
4012.jpg,Boot
4013.jpg,Boot
4014.jpg,Sandal
4015.jpg,Boot
4016.jpg,Boot
4017.jpg,Sandal
4018.jpg,Sandal
4019.jpg,Sandal
4020.jpg,Sandal
4021.jpg,Boot
4022.jpg,Shoe
4023.jpg,Boot
4024.jpg,Boot
4025.jpg,Shoe
4026.jpg,Shoe
4027.jpg,Shoe
4028.jpg,Boot
4029.jpg,Boot
4030.jpg,Shoe
4031.jpg,Shoe
4032.jpg,Sandal
4033.jpg,Shoe
4034.jpg,Boot
4035.jpg,Sandal
4036.jpg,Boot
4037.jpg,Sandal
4038.jpg,Boot
4039.jpg,Boot
4040.jpg,Sandal
4041.jpg,Sandal
4042.jpg,Sandal
4043.jpg,Shoe
4044.jpg,Boot
4045.jpg,Shoe
4046.jpg,Sandal
4047.jpg,Shoe
4048.jpg,Shoe
4049.jpg,Shoe
4050.jpg,Sandal
4051.jpg,Shoe
4052.jpg,Sandal
4053.jpg,Shoe
4054.jpg,Boot
4055.jpg,Sandal
4056.jpg,Boot
4057.jpg,Shoe
4058.jpg,Boot
4059.jpg,Shoe
4060.jpg,Shoe
4061.jpg,Boot
4062.jpg,Boot
4063.jpg,Sandal
4064.jpg,Boot
4065.jpg,Boot
4066.jpg,Boot
4067.jpg,Boot
4068.jpg,Boot
4069.jpg,Shoe
4070.jpg,Sandal
4071.jpg,Shoe
4072.jpg,Sandal
4073.jpg,Sandal
4074.jpg,Sandal
4075.jpg,Sandal
4076.jpg,Sandal
4077.jpg,Sandal
4078.jpg,Sandal
4079.jpg,Sandal
4080.jpg,Sandal
4081.jpg,Sandal
4082.jpg,Sandal
4083.jpg,Shoe
4084.jpg,Shoe
4085.jpg,Shoe
4086.jpg,Shoe
4087.jpg,Shoe
4088.jpg,Shoe
4089.jpg,Sandal
4090.jpg,Shoe
4091.jpg,Boot
4092.jpg,Boot
4093.jpg,Shoe
4094.jpg,Shoe
4095.jpg,Shoe
4096.jpg,Sandal
4097.jpg,Sandal
4098.jpg,Boot
4099.jpg,Boot
4100.jpg,Shoe
4101.jpg,Sandal
4102.jpg,Boot
4103.jpg,Shoe
4104.jpg,Boot
4105.jpg,Shoe
4106.jpg,Boot
4107.jpg,Boot
4108.jpg,Boot
4109.jpg,Shoe
4110.jpg,Shoe
4111.jpg,Boot
4112.jpg,Sandal
4113.jpg,Sandal
4114.jpg,Boot
4115.jpg,Shoe
4116.jpg,Sandal
4117.jpg,Shoe
4118.jpg,Shoe
4119.jpg,Boot
4120.jpg,Shoe
4121.jpg,Shoe
4122.jpg,Sandal
4123.jpg,Shoe
4124.jpg,Sandal
4125.jpg,Shoe
4126.jpg,Shoe
4127.jpg,Boot
4128.jpg,Boot
4129.jpg,Boot
4130.jpg,Boot
4131.jpg,Sandal
4132.jpg,Boot
4133.jpg,Boot
4134.jpg,Boot
4135.jpg,Shoe
4136.jpg,Shoe
4137.jpg,Boot
4138.jpg,Boot
4139.jpg,Boot
4140.jpg,Boot
4141.jpg,Shoe
4142.jpg,Sandal
4143.jpg,Sandal
4144.jpg,Shoe
4145.jpg,Shoe
4146.jpg,Shoe
4147.jpg,Boot
4148.jpg,Shoe
4149.jpg,Shoe
4150.jpg,Sandal
4151.jpg,Shoe
4152.jpg,Boot
4153.jpg,Shoe
4154.jpg,Boot
4155.jpg,Sandal
4156.jpg,Boot
4157.jpg,Boot
4158.jpg,Boot
4159.jpg,Boot
4160.jpg,Boot
4161.jpg,Sandal
4162.jpg,Sandal
4163.jpg,Shoe
4164.jpg,Shoe
4165.jpg,Sandal
4166.jpg,Shoe
4167.jpg,Shoe
4168.jpg,Shoe
4169.jpg,Sandal
4170.jpg,Sandal
4171.jpg,Sandal
4172.jpg,Boot
4173.jpg,Shoe
4174.jpg,Boot
4175.jpg,Boot
4176.jpg,Sandal
4177.jpg,Boot
4178.jpg,Boot
4179.jpg,Shoe
4180.jpg,Sandal
4181.jpg,Boot
4182.jpg,Shoe
4183.jpg,Shoe
4184.jpg,Boot
4185.jpg,Shoe
4186.jpg,Shoe
4187.jpg,Boot
4188.jpg,Sandal
4189.jpg,Sandal
4190.jpg,Sandal
4191.jpg,Shoe
4192.jpg,Shoe
4193.jpg,Boot
4194.jpg,Sandal
4195.jpg,Shoe
4196.jpg,Sandal
4197.jpg,Shoe
4198.jpg,Sandal
4199.jpg,Sandal
4200.jpg,Boot
4201.jpg,Shoe
4202.jpg,Shoe
4203.jpg,Shoe
4204.jpg,Shoe
4205.jpg,Boot
4206.jpg,Shoe
4207.jpg,Sandal
4208.jpg,Shoe
4209.jpg,Boot
4210.jpg,Shoe
4211.jpg,Shoe
4212.jpg,Boot
4213.jpg,Sandal
4214.jpg,Sandal
4215.jpg,Sandal
4216.jpg,Boot
4217.jpg,Boot
4218.jpg,Boot
4219.jpg,Boot
4220.jpg,Shoe
4221.jpg,Boot
4222.jpg,Sandal
4223.jpg,Shoe
4224.jpg,Boot
4225.jpg,Shoe
4226.jpg,Sandal
4227.jpg,Boot
4228.jpg,Shoe
4229.jpg,Shoe
4230.jpg,Sandal
4231.jpg,Boot
4232.jpg,Sandal
4233.jpg,Shoe
4234.jpg,Sandal
4235.jpg,Shoe
4236.jpg,Shoe
4237.jpg,Boot
4238.jpg,Boot
4239.jpg,Boot
4240.jpg,Sandal
4241.jpg,Sandal
4242.jpg,Boot
4243.jpg,Boot
4244.jpg,Shoe
4245.jpg,Shoe
4246.jpg,Sandal
4247.jpg,Shoe
4248.jpg,Shoe
4249.jpg,Shoe
4250.jpg,Sandal
4251.jpg,Shoe
4252.jpg,Boot
4253.jpg,Shoe
4254.jpg,Sandal
4255.jpg,Sandal
4256.jpg,Boot
4257.jpg,Shoe
4258.jpg,Shoe
4259.jpg,Shoe
4260.jpg,Boot
4261.jpg,Shoe
4262.jpg,Sandal
4263.jpg,Boot
4264.jpg,Sandal
4265.jpg,Shoe
4266.jpg,Sandal
4267.jpg,Boot
4268.jpg,Sandal
4269.jpg,Sandal
4270.jpg,Sandal
4271.jpg,Boot
4272.jpg,Shoe
4273.jpg,Boot
4274.jpg,Shoe
4275.jpg,Sandal
4276.jpg,Sandal
4277.jpg,Boot
4278.jpg,Sandal
4279.jpg,Boot
4280.jpg,Boot
4281.jpg,Sandal
4282.jpg,Sandal
4283.jpg,Boot
4284.jpg,Boot
4285.jpg,Sandal
4286.jpg,Sandal
4287.jpg,Sandal
4288.jpg,Shoe
4289.jpg,Boot
4290.jpg,Boot
4291.jpg,Shoe
4292.jpg,Boot
4293.jpg,Sandal
4294.jpg,Shoe
4295.jpg,Sandal
4296.jpg,Sandal
4297.jpg,Boot
4298.jpg,Boot
4299.jpg,Shoe
4300.jpg,Sandal
4301.jpg,Boot
4302.jpg,Shoe
4303.jpg,Sandal
4304.jpg,Sandal
4305.jpg,Sandal
4306.jpg,Shoe
4307.jpg,Sandal
4308.jpg,Boot
4309.jpg,Boot
4310.jpg,Shoe
4311.jpg,Shoe
4312.jpg,Boot
4313.jpg,Shoe
4314.jpg,Shoe
4315.jpg,Boot
4316.jpg,Shoe
4317.jpg,Sandal
4318.jpg,Shoe
4319.jpg,Shoe
4320.jpg,Sandal
4321.jpg,Shoe
4322.jpg,Shoe
4323.jpg,Sandal
4324.jpg,Shoe
4325.jpg,Boot
4326.jpg,Sandal
4327.jpg,Shoe
4328.jpg,Boot
4329.jpg,Shoe
4330.jpg,Boot
4331.jpg,Shoe
4332.jpg,Shoe
4333.jpg,Sandal
4334.jpg,Boot
4335.jpg,Sandal
4336.jpg,Shoe
4337.jpg,Boot
4338.jpg,Shoe
4339.jpg,Boot
4340.jpg,Sandal
4341.jpg,Shoe
4342.jpg,Boot
4343.jpg,Boot
4344.jpg,Shoe
4345.jpg,Boot
4346.jpg,Sandal
4347.jpg,Boot
4348.jpg,Boot
4349.jpg,Sandal
4350.jpg,Sandal
4351.jpg,Shoe
4352.jpg,Sandal
4353.jpg,Boot
4354.jpg,Boot
4355.jpg,Shoe
4356.jpg,Sandal
4357.jpg,Sandal
4358.jpg,Sandal
4359.jpg,Boot
4360.jpg,Shoe
4361.jpg,Shoe
4362.jpg,Sandal
4363.jpg,Shoe
4364.jpg,Shoe
4365.jpg,Boot
4366.jpg,Sandal
4367.jpg,Sandal
4368.jpg,Sandal
4369.jpg,Boot
4370.jpg,Boot
4371.jpg,Sandal
4372.jpg,Shoe
4373.jpg,Shoe
4374.jpg,Sandal
4375.jpg,Shoe
4376.jpg,Sandal
4377.jpg,Sandal
4378.jpg,Shoe
4379.jpg,Shoe
4380.jpg,Sandal
4381.jpg,Sandal
4382.jpg,Boot
4383.jpg,Boot
4384.jpg,Shoe
4385.jpg,Boot
4386.jpg,Shoe
4387.jpg,Shoe
4388.jpg,Shoe
4389.jpg,Shoe
4390.jpg,Boot
4391.jpg,Boot
4392.jpg,Boot
4393.jpg,Sandal
4394.jpg,Boot
4395.jpg,Boot
4396.jpg,Shoe
4397.jpg,Boot
4398.jpg,Shoe
4399.jpg,Sandal
4400.jpg,Sandal
4401.jpg,Shoe
4402.jpg,Sandal
4403.jpg,Sandal
4404.jpg,Shoe
4405.jpg,Sandal
4406.jpg,Shoe
4407.jpg,Shoe
4408.jpg,Boot
4409.jpg,Shoe
4410.jpg,Boot
4411.jpg,Boot
4412.jpg,Sandal
4413.jpg,Boot
4414.jpg,Shoe
4415.jpg,Boot
4416.jpg,Boot
4417.jpg,Shoe
4418.jpg,Shoe
4419.jpg,Sandal
4420.jpg,Shoe
4421.jpg,Shoe
4422.jpg,Boot
4423.jpg,Sandal
4424.jpg,Boot
4425.jpg,Shoe
4426.jpg,Boot
4427.jpg,Sandal
4428.jpg,Shoe
4429.jpg,Boot
4430.jpg,Boot
4431.jpg,Shoe
4432.jpg,Shoe
4433.jpg,Boot
4434.jpg,Shoe
4435.jpg,Shoe
4436.jpg,Boot
4437.jpg,Boot
4438.jpg,Shoe
4439.jpg,Boot
4440.jpg,Sandal
4441.jpg,Boot
4442.jpg,Sandal
4443.jpg,Shoe
4444.jpg,Boot
4445.jpg,Sandal
4446.jpg,Boot
4447.jpg,Boot
4448.jpg,Sandal
4449.jpg,Boot
4450.jpg,Sandal
4451.jpg,Sandal
4452.jpg,Boot
4453.jpg,Shoe
4454.jpg,Sandal
4455.jpg,Sandal
4456.jpg,Shoe
4457.jpg,Sandal
4458.jpg,Boot
4459.jpg,Sandal
4460.jpg,Shoe
4461.jpg,Sandal
4462.jpg,Shoe
4463.jpg,Boot
4464.jpg,Sandal
4465.jpg,Shoe
4466.jpg,Shoe
4467.jpg,Boot
4468.jpg,Shoe
4469.jpg,Sandal
4470.jpg,Sandal
4471.jpg,Boot
4472.jpg,Shoe
4473.jpg,Sandal
4474.jpg,Shoe
4475.jpg,Sandal
4476.jpg,Sandal
4477.jpg,Shoe
4478.jpg,Sandal
4479.jpg,Boot
4480.jpg,Shoe
4481.jpg,Sandal
4482.jpg,Shoe
4483.jpg,Sandal
4484.jpg,Sandal
4485.jpg,Shoe
4486.jpg,Boot
4487.jpg,Sandal
4488.jpg,Shoe
4489.jpg,Shoe
4490.jpg,Shoe
4491.jpg,Sandal
4492.jpg,Sandal
4493.jpg,Sandal
4494.jpg,Sandal
4495.jpg,Boot
4496.jpg,Shoe
4497.jpg,Boot
4498.jpg,Sandal
4499.jpg,Boot
